法人番号,法人名,都道府県,市区町村,番地,郵便番号
1010701033239,株式会社エコ・テクノサービス,兵庫県,淡路市,佐野新島１番１号,6562213
1120001035800,プライミクス株式会社,兵庫県,淡路市,夢舞台１番３８,6562306
1140001042274,松原建材株式会社,兵庫県,淡路市,岩屋１５４９番地,6562401
1140001085026,淡路メリヤス株式会社,兵庫県,淡路市,生穂１６５７番地,6562223
1140001085034,淡路島シーサイド開発株式会社,兵庫県,淡路市,里５７３番地６,6562143
1140001085042,株式会社生穂建設,兵庫県,淡路市,生穂１１５６番地,6562223
1140001085050,ベストレンタル株式会社,兵庫県,淡路市,木曽上畑９４番地,6562153
1140001085067,株式会社樫岡石油,兵庫県,淡路市,大谷１０９番地の１,6562224
1140001085075,宏洋繊維株式会社,兵庫県,淡路市,志筑２５４６番地,6562131
1140001085083,昭栄建設株式会社,兵庫県,淡路市,中田２７９９番地の３,6562163
1140001085091,株式会社ジエーピーエスマリン,兵庫県,淡路市,郡家９２７番地１,6561511
1140001085117,津名印刷株式会社,兵庫県,淡路市,志筑１７７１番地の１,6562131
1140001085141,中棉工業株式会社,兵庫県,淡路市,志筑３２６３番地,6562131
1140001085158,株式会社ピーエムシーインターナショナル,兵庫県,淡路市,志筑３０７１番地,6562131
1140001085166,株式会社ベイシック,兵庫県,淡路市,志筑１６５１番地の１,6562131
1140001085174,増田住建株式会社,兵庫県,淡路市,大谷９４５番地の１,6562224
1140001085182,株式会社レストラン大公,兵庫県,淡路市,志筑２８２１番地の１,6562131
1140001085190,株式会社淡路島ホーフブロイ,兵庫県,淡路市,井手６０７番地の３,6561525
1140001085199,株式会社岡崎商店,兵庫県,淡路市,郡家８２番地の１,6561511
1140001085208,株式会社広玉堂,兵庫県,淡路市,大町下５３６番地,6562156
1140001085216,株式会社大発,兵庫県,淡路市,多賀７３番地の２,6561521
1140001085224,株式会社東洋長,兵庫県,淡路市,井手６０７番地の３,6561525
1140001085240,株式会社山下商工,兵庫県,淡路市,郡家１５０番地の６,6561511
1140001085249,株式会社ゑびす亭,兵庫県,淡路市,浜１番地の７,6562304
1140001085257,株式会社オカダ総建木材,兵庫県,淡路市,久留麻２２３４番地,6562311
1140001085265,サンフードサービス株式会社,兵庫県,淡路市,大磯２８番地の１,6562302
1140001085273,岡田農園株式会社,兵庫県,淡路市,久留麻１６６７番地の１,6562311
1140001085281,株式会社マトザキ,兵庫県,淡路市,久留麻７２番地,6562311
1140001085298,株式会社石原興業,兵庫県,淡路市,野島常盤６４２番地,6561726
1140001085307,株式会社沖モータース,兵庫県,淡路市,育波５９１番地の５,6561602
1140001085323,株式会社大丸,兵庫県,淡路市,富島２０７１番地,6561711
1140001085348,淡路クレーン株式会社,兵庫県,淡路市,岩屋１７８３番地２,6562401
1140001085356,株式会社大上建設,兵庫県,淡路市,岩屋１４２４番地の２,6562401
1140001085364,忍建設株式会社,兵庫県,淡路市,岩屋３０００番地の１３５,6562401
1140001085372,株式会社丸松水産,兵庫県,淡路市,岩屋１７５４番地,6562401
1140001085380,株式会社キタ不動産,兵庫県,淡路市,久留麻１３８番地４,6562311
1140001085389,株式会社淡路ジェノバライン,兵庫県,淡路市,岩屋９２５番地２７,6562401
1140001085397,未来産業株式会社,兵庫県,淡路市,岩屋３０００番地の３８,6562401
1140001085447,株式会社エムテック,兵庫県,淡路市,中田４００番地２,6562163
1140001085455,池之内建設株式会社,兵庫県,淡路市,池ノ内６３７番地,6562161
1140001085983,ＭＫ管理株式会社,兵庫県,淡路市,大谷１１５２番地２,6562224
1140001086008,淡路島線香株式会社,兵庫県,淡路市,大町下５０４番地,6562156
1140001086073,株式会社あわじ,兵庫県,淡路市,塩田新島８番５,6562142
1140001086107,株式会社ＴＳトータルサポート,兵庫県,淡路市,志筑２４７０番地１３,6562131
1140001086148,株式会社リヨ,兵庫県,淡路市,志筑３８９番地１アーバンエルフ７−Ｄ,6562131
1140001086197,淡路島らいふ計画株式会社,兵庫県,淡路市,尾崎１５６１番地,6561501
1140001086214,株式会社砥水,兵庫県,淡路市,志筑９６８番地１２,6562131
1140001086239,株式会社セガール,兵庫県,淡路市,志筑１１８４−１,6562131
1140001086255,株式会社ショーゼンファーム,兵庫県,淡路市,木曽下１６２番地３,6562154
1140001086305,株式会社キョウワ,兵庫県,淡路市,志筑８８５番地の１,6562131
1140001089472,株式会社天麻結楽,兵庫県,淡路市,久留麻２１２２番地２,6562311
1140001091890,株式会社ファイブワン,兵庫県,淡路市,中田５４８−２−１０１,6562163
1140001094472,株式会社Ｇ．Ｍ．Ｇ,兵庫県,淡路市,志筑２３３２番地６１,6562131
1140001095603,株式会社オリタエナジー,兵庫県,淡路市,釜口６３９番地１,6562334
1140001096147,ドクターＤ株式会社,兵庫県,淡路市,尾崎字小丸４６番３８,6561501
1140001097624,株式会社フレッシュグループ,兵庫県,淡路市,尾崎１１１６番地１,6561501
1140001099389,株式会社ＳＨリース,兵庫県,淡路市,志筑９１５番地６１,6562131
1140001100511,株式会社東根造船所,兵庫県,淡路市,岩屋９５９番地３,6562401
1140001104850,株式会社アクアイグニス淡路島,兵庫県,淡路市,夢舞台２番地２８,6562306
1140001105089,株式会社淡路関空ライン,兵庫県,淡路市,浅野南１５６番地１０,6561741
1140001105964,株式会社山岡建築工房,兵庫県,淡路市,大谷１５３１番地,6562224
1140001107795,株式会社おのころ開発,兵庫県,淡路市,野島蟇浦１６８番地１,6561721
1140001107853,株式会社ラフォンコーポレーション,兵庫県,淡路市,久留麻１９８９番地,6562311
1140001108257,花工房カナオカ株式会社,兵庫県,淡路市,志筑新島１０番地１３,6562132
1140001111582,株式会社Ｈｉｍｏｒｏｇｉ,兵庫県,淡路市,志筑３８９番地１アーバンエルフ５−Ｂ,6562131
1140001115410,ＰｏｒＡｌｆｅ株式会社,兵庫県,淡路市,岩屋１８４９番地の４,6562401
1140001117654,土井建築株式会社,兵庫県,淡路市,志筑９１５番地６７,6562131
1140001123215,株式会社ｅｐａ　ｓｔｙｌｅ,兵庫県,淡路市,郡家１１５１番地２,6561511
1140001124733,株式会社ユミテック,兵庫県,淡路市,大磯２１番地２,6562302
1140001128370,株式会社淡家,兵庫県,淡路市,中田５５１番地１,6562163
1140001129658,株式会社Ｉ　ＦＩＥＬＤ石上農園,兵庫県,淡路市,久留麻１７０番地５,6562311
1140001130194,株式会社ｅｍｉｎａ,兵庫県,淡路市,岩屋２８５番地８４,6562401
1140001130475,株式会社あわいち,兵庫県,淡路市,佐野６０５番地２,6562212
1140001131829,株式会社御食国牧場,兵庫県,淡路市,育波１８２３番地,6561602
1140001132736,ガラスサービス株式会社,兵庫県,淡路市,中田１２７５番地２,6562163
1140001133049,株式会社ＳｏｒａＣｏｎｓｕｌｔｉｎｇ,兵庫県,淡路市,釜口２１１８番地９,6562334
1140001134294,株式会社Ｍａｓｓｅｔ,兵庫県,淡路市,大谷９４６番地の１,6562224
1140001137033,株式会社ＥＭＧ　ｅｘｐａｎｄ,兵庫県,淡路市,室津２４５８番地,6561606
1140001138056,株式会社パソナふるさとマルシェ,兵庫県,淡路市,野島蟇浦８４１番地５,6561721
1140001138262,原田パソコンサービス株式会社,兵庫県,淡路市,里３８８番地,6562143
1140001138329,まほろば農園株式会社,兵庫県,淡路市,長畠３９６番地,6561733
1140001139070,株式会社ＫＳリゾート,兵庫県,淡路市,室津２５０４番１,6561606
1140001139723,株式会社神之前,兵庫県,淡路市,岩屋８４６番地,6562401
1140001139921,株式会社なたね舎,兵庫県,淡路市,育波字前濱２４２番地１,6561602
1140001141951,株式会社ＴＲＩＯＭ,兵庫県,淡路市,岩屋１９０２番地２,6562401
1140001142330,株式会社ソナリス,兵庫県,淡路市,中村３番地８,6561526
1140002069325,株式会社花立電機製作所,兵庫県,淡路市,志筑１６２０番地,6562131
1180001124408,ＮＵＰｒｏｔｅｉｎ株式会社,兵庫県,淡路市,久留麻２３４９番地１,6562311
2030001030017,株式会社　天恵,兵庫県,淡路市,浦７３番地,6562305
2120001233403,株式会社ヤエコフ,兵庫県,淡路市,生穂２２１０番地７,6562223
2122001031539,株式会社ＢｅＤｏＨａｖｅ,兵庫県,淡路市,育波１５３番地,6561602
2140001031409,株式会社クモノス,兵庫県,淡路市,志筑新島６番地４２ビスタアスール２０２号,6562132
2140001050433,中村住建株式会社,兵庫県,淡路市,多賀字池ノ谷１０９９番地２,6561521
2140001070893,株式会社コズモワールド,兵庫県,淡路市,野島平林５６,6561724
2140001084588,株式会社淡路ドリーム,兵庫県,淡路市,大町畑１５９８番地３,6562151
2140001084778,淡州砂利株式会社,兵庫県,淡路市,志筑新島１番地２３,6562132
2140001085033,淡路アスフアルト工業株式会社,兵庫県,淡路市,志筑新島１番７,6562132
2140001085058,沖物産株式会社,兵庫県,淡路市,志筑３１１２番地の１０,6562131
2140001085066,株式会社川越,兵庫県,淡路市,志筑１７５９番地２,6562131
2140001085082,株式会社城古タンス店,兵庫県,淡路市,志筑１７３２番地の２,6562131
2140001085090,株式会社新日本土地,兵庫県,淡路市,中田４０２番地,6562163
2140001085099,たきの種苗株式会社,兵庫県,淡路市,志筑１６３７番地の５,6562131
2140001085108,株式会社たくと建築設計,兵庫県,淡路市,志筑新島１０番地の８,6562132
2140001085116,Ａｗａｊｉ和楽株式会社,兵庫県,淡路市,大谷９３７番地８津名ハーバーハイツ８０３,6562224
2140001085132,株式会社津名不動産,兵庫県,淡路市,志筑１１８４番地の１,6562131
2140001085140,株式会社長尾組,兵庫県,淡路市,生穂２２３４番地,6562223
2140001085157,株式会社ピーエムシー,兵庫県,淡路市,志筑３０７１番地,6562131
2140001085165,平成開発株式会社,兵庫県,淡路市,野田尾９４番地,6562222
2140001085173,丸大食品工業株式会社,兵庫県,淡路市,志筑１７７７番地の１,6562131
2140001085181,株式会社山形組,兵庫県,淡路市,大町上４８７番地の４,6562155
2140001085198,株式会社大巻建設,兵庫県,淡路市,高山甲９９１番地,6561551
2140001085207,株式会社慶賀堂,兵庫県,淡路市,江井２６９３番地の１,6561531
2140001085223,株式会社堂瀬組,兵庫県,淡路市,柳澤丁１番地,6561541
2140001085231,株式会社梅薫堂,兵庫県,淡路市,江井２８５３番地の１,6561531
2140001085248,魚福水産株式会社,兵庫県,淡路市,久留麻２５３３番地,6562311
2140001085256,株式会社大磯,兵庫県,淡路市,久留麻１３８番地の３,6562311
2140001085272,ダイトウ建設株式会社,兵庫県,淡路市,久留麻１２３２番地の２,6562311
2140001085280,株式会社平田工務店,兵庫県,淡路市,浦７９９番地,6562305
2140001085289,ユーアールエー株式会社,兵庫県,淡路市,大磯６番地,6562302
2140001085306,織田溶接株式会社,兵庫県,淡路市,斗ノ内１３７７番地の２,6561743
2140001085314,株式会社クワムラ,兵庫県,淡路市,浅野南２０６番地,6561741
2140001085322,株式会社島脇電気商会,兵庫県,淡路市,富島１３５１番地,6561711
2140001085330,株式会社富永組,兵庫県,淡路市,斗ノ内１２６４番地,6561743
2140001085339,北淡開発株式会社,兵庫県,淡路市,小倉２２４番地の２,6561736
2140001085347,淡路砿油株式会社,兵庫県,淡路市,岩屋１４１４番地の１,6562401
2140001085355,岡野水産株式会社,兵庫県,淡路市,岩屋１８４５番地,6562401
2140001085371,株式会社東浦電業社,兵庫県,淡路市,岩屋２９１０番地の５２,6562401
2140001085396,株式会社多幸,兵庫県,淡路市,中田４１５５番地１,6562163
2140001085405,株式会社藤亀,兵庫県,淡路市,楠本５８９番地１,6562301
2140001085438,株式会社マトザキ不動産,兵庫県,淡路市,久留麻１４０番地,6562311
2140001085446,朝日テック株式会社,兵庫県,淡路市,志筑３１１２番地４２,6562131
2140001085454,株式会社ｉ・ｓ・ｍ,兵庫県,淡路市,里８６５番地４２,6562143
2140001086015,株式会社クレヨン化学,兵庫県,淡路市,生田畑１０４番地,6561604
2140001086056,株式会社ドレッドノート,兵庫県,淡路市,志筑９１５番地の３１,6562131
2140001086106,株式会社長太,兵庫県,淡路市,岩屋７０番地８,6562401
2140001086163,株式会社ＷＯＲＬＤ　ＩＮＳＵＲＡＮＣＥ,兵庫県,淡路市,室津１９３９−１,6561606
2140001086188,株式会社長太水産,兵庫県,淡路市,岩屋１５６３番地,6562401
2140001086238,株式会社淡路島フルーツ農園,兵庫県,淡路市,上河合１７３番地,6561523
2140001086295,株式会社アテーナ海月,兵庫県,淡路市,大谷９１５番地４,6562224
2140001086329,梅薫堂株式会社,兵庫県,淡路市,江井２８５３番地の１,6561531
2140001089182,株式会社アークサット,兵庫県,淡路市,佐野１３８２番地,6562212
2140001090909,株式会社亙,兵庫県,淡路市,志筑１８７１番地１５,6562131
2140001092681,株式会社荒濱屋,兵庫県,淡路市,志筑３４２３番地,6562131
2140001096699,株式会社うおまつ,兵庫県,淡路市,斗ノ内１４１０番地２８,6561743
2140001097144,株式会社西村,兵庫県,淡路市,谷４２２番地,6562332
2140001098984,Ｓｋｉｐセゴウ株式会社,兵庫県,淡路市,久留麻１８２０番地１２,6562311
2140001100114,株式会社エレファントロード神戸,兵庫県,淡路市,草香北５３９−１４,6561558
2140001100337,株式会社ここちよ,兵庫県,淡路市,浦１５１２番地,6562305
2140001101186,株式会社クラージュアカデミー,兵庫県,淡路市,浜１−４８,6562304
2140001101707,株式会社大和,兵庫県,淡路市,中田５４８−２−１０１,6562163
2140001106177,株式会社匠創生,兵庫県,淡路市,野島大川７０,6561723
2140001106359,淡路中信工業株式会社,兵庫県,淡路市,塩尾字橘崎８８番３,6562141
2140001107002,ケイエス・アセットマネジメント株式会社,兵庫県,淡路市,志筑１１８４番地１,6562131
2140001107019,株式会社西田鐵工,兵庫県,淡路市,志筑１２１９番地５,6562131
2140001108322,株式会社ＶＩＯＲＩＮ,兵庫県,淡路市,久留麻２００４番地２,6562311
2140001108702,株式会社光企画,兵庫県,淡路市,北山７９６番地３,6561512
2140001109626,株式会社リモデルあわじ,兵庫県,淡路市,志筑１５７１番地１,6562131
2140001113909,株式会社オルガノ,兵庫県,淡路市,志筑１１１番地７,6562131
2140001115995,スタジオ命と水株式会社,兵庫県,淡路市,大町畑６３７号１番地プラッツアメニティＣ−５号,6562151
2140001116622,株式会社Ａｑｕａｍａｒｉｎｅ　Ｒｅｓｏｒｔ,兵庫県,淡路市,野島江崎５７５−６,6561725
2140001117083,株式会社高浜商会,兵庫県,淡路市,久留麻２３５２番地,6562311
2140001118866,株式会社ジオサイト,兵庫県,淡路市,楠本１１２番地,6562301
2140001119278,株式会社シェルメール,兵庫県,淡路市,志筑３１１１番地１５,6562131
2140001120566,株式会社森鼻タイル,兵庫県,淡路市,釜口１５９８番地３,6562334
2140001120632,株式会社パソナ日本創生大学校,兵庫県,淡路市,岩屋２９４２番地２６,6562401
2140001124633,株式会社ヒカリカンパニー,兵庫県,淡路市,竹谷４６９番地１３,6561524
2140001125887,株式会社ＨＡＳＨＩＭＯＴＯ・ＳＹＯＵＴＥＮ,兵庫県,淡路市,岩屋１２３７番地,6562401
2140001126225,株式会社Ａｗａｊｉ　Ｎａｔｕｒｅ　Ｆａｒｍ,兵庫県,淡路市,野島常盤字源八１５１０番地４,6561726
2140001126530,株式会社ハーツ,兵庫県,淡路市,生穂１４１５番地７,6562223
2140001126679,株式会社ＡＷＡＪＩ　ＷＯＯＤ,兵庫県,淡路市,楠本５８２番地３,6562301
2140001128023,株式会社クレセンド,兵庫県,淡路市,志筑新島１０番地４６アストラ淡路ビル２０３号,6562132
2140001132223,株式会社岩鼻商店,兵庫県,淡路市,大谷１１９４番地６,6562224
2140001134434,株式会社ｏｍｕｒａｉｓｕ,兵庫県,淡路市,釜口２３２６番地１,6562334
2140001136868,株式会社まほろば開発,兵庫県,淡路市,野島蟇浦１９番地,6561721
2140001138385,ＭＡＨＲＵ株式会社,兵庫県,淡路市,生穂新島５番地８,6562225
2140001138732,Ｋ’ｓインターナショナル株式会社,兵庫県,淡路市,志筑３９６８番地２５,6562131
2140001138798,株式会社ＴＡＫＡＴＡ,兵庫県,淡路市,木曽下６番地１,6562154
2140001140977,株式会社ＪＥＷＥＬ　ＯＮＥ,兵庫県,淡路市,志筑２８３２番地２,6562131
2180301033200,アリス貿易株式会社,兵庫県,淡路市,木曽上畑７６番地,6562153
3010401114650,株式会社ＯＫＡＴＴＥ　ＰＲＯＪＥＣＴ,兵庫県,淡路市,王子１４３０番地,6562162
3011801041773,パーパスデザイン＆ライフ株式会社,兵庫県,淡路市,野島蟇浦８３１番地,6561721
3120001035765,プライミクスプラス株式会社,兵庫県,淡路市,夢舞台１番３８,6562306
3120001138072,株式会社あちゃちゅむ,兵庫県,淡路市,多賀２４５２番地,6561521
3130001078862,株式会社ｒｅｓｏｒｔ＆ｖｉｌｌａｇｅ,兵庫県,淡路市,野島蟇浦字野島５０８番２,6561721
3140001008364,株式会社新日本ホームズ,兵庫県,淡路市,志筑６８番５,6562131
3140001085040,朝日リネン株式会社,兵庫県,淡路市,志筑１８５４番地の８,6562131
3140001085049,株式会社魚福鮮魚,兵庫県,淡路市,生穂１５６３番地,6562223
3140001085057,株式会社尾田建設,兵庫県,淡路市,佐野２２０２番地の２,6562212
3140001085065,株式会社河野,兵庫県,淡路市,志筑１５２１番地の１,6562131
3140001085081,柴宇海産物株式会社,兵庫県,淡路市,佐野２０２４番地の３,6562212
3140001085098,淡路共栄商事株式会社,兵庫県,淡路市,野田尾１０３０番地,6562222
3140001085107,株式会社竹虎堂,兵庫県,淡路市,志筑３２８９番地,6562131
3140001085115,津名紙器工業株式会社,兵庫県,淡路市,志筑１７７０番地の２,6562131
3140001085131,株式会社津名レンタカー,兵庫県,淡路市,志筑１３９８番地,6562131
3140001085148,ハミーガス株式会社,兵庫県,淡路市,中田２９７９番地の３,6562163
3140001085156,株式会社ピスモ,兵庫県,淡路市,志筑新島６番地の１０,6562132
3140001085164,株式会社勉強堂,兵庫県,淡路市,志筑１６７１番地の１,6562131
3140001085172,丸善産業株式会社,兵庫県,淡路市,佐野１８７６番地,6562212
3140001085180,山本産業株式会社,兵庫県,淡路市,大谷８７７番地の２,6562224
3140001085189,株式会社青木建設,兵庫県,淡路市,入野３５８番地の２,6561552
3140001085197,株式会社後谷組,兵庫県,淡路市,井手４８８番地,6561525
3140001085206,株式会社薫寿堂,兵庫県,淡路市,多賀１２５５番地の１,6561521
3140001085214,株式会社精華堂,兵庫県,淡路市,江井３１６５番地の３,6561531
3140001085222,勉土建株式会社,兵庫県,淡路市,江井３２４３番地,6561531
3140001085230,株式会社花立薫稟堂,兵庫県,淡路市,江井２７２５番地,6561531
3140001085239,株式会社モードエース,兵庫県,淡路市,郡家２０１番地の１,6561511
3140001085247,株式会社浦共同造船所,兵庫県,淡路市,浦１０３３番地の２,6562305
3140001085255,折田建設株式会社,兵庫県,淡路市,釜口６５２番地１,6562334
3140001085263,三協海運株式会社,兵庫県,淡路市,浦１０３３番地の２,6562305
3140001085271,大栄建設株式会社,兵庫県,淡路市,谷４３８番地の１,6562332
3140001085288,株式会社吹き戻しの里,兵庫県,淡路市,河内３３３番地の１,6562323
3140001085296,飯田建設株式会社,兵庫県,淡路市,斗ノ内１０３３番地,6561743
3140001085305,株式会社織田建設工業所,兵庫県,淡路市,斗ノ内１１４７番地,6561743
3140001085313,株式会社協同建設,兵庫県,淡路市,育波１７０８番地,6561602
3140001085321,松幸丸水産株式会社,兵庫県,淡路市,育波３６３番地,6561602
3140001085338,株式会社ほくだん,兵庫県,淡路市,小倉１７７番地,6561736
3140001085346,薮田重建株式会社,兵庫県,淡路市,浅野南５２６番地の１,6561741
3140001085354,株式会社おのころ商業開発,兵庫県,淡路市,岩屋９２５番地の４,6562401
3140001085362,光明建設株式会社,兵庫県,淡路市,岩屋字鵜崎３０００番地の３０１,6562401
3140001085370,ヒガシネ食品株式会社,兵庫県,淡路市,岩屋３２８７番地４２,6562401
3140001085387,株式会社山崎製麸所,兵庫県,淡路市,志筑１７８７番地,6562131
3140001085395,大進被服株式会社,兵庫県,淡路市,尾崎５１６番地４,6561501
3140001085404,マイコン工業株式会社,兵庫県,淡路市,柳澤甲１７９番地,6561541
3140001085445,株式会社光陽建設,兵庫県,淡路市,大町下６４７−２,6562156
3140001086014,株式会社カーオート育波,兵庫県,淡路市,育波７８番地７,6561602
3140001086063,株式会社フローラルアイランド,兵庫県,淡路市,浦６４２番地の１,6562305
3140001086096,五葉サービス株式会社,兵庫県,淡路市,志筑１０９番地２,6562131
3140001086179,Ｒ．Ｃ．Ｋ．Ｍ．株式会社,兵庫県,淡路市,志筑３８９番地１アーバンエルフ７−Ｄ,6562131
3140001086229,ＳＡ．Ｏ株式会社,兵庫県,淡路市,志筑３８９番地１アーバンエルフ７−Ｄ,6562131
3140001086261,大竹石材株式会社,兵庫県,淡路市,志筑１８５５番地１,6562131
3140001086294,魚増水産株式会社,兵庫県,淡路市,富島１１９０番地,6561711
3140001086575,株式会社メイク,兵庫県,淡路市,多賀２０８３番地７,6561521
3140001097003,ｔｏｐｐｉｅ株式会社,兵庫県,淡路市,佐野２５６１番地,6562212
3140001097705,株式会社あさじ,兵庫県,淡路市,浅野南１０１番地６,6561741
3140001098653,株式会社エール居宅介護支援事業所,兵庫県,淡路市,塩尾５１９番地７３,6562141
3140001100880,株式会社あわびウェア,兵庫県,淡路市,大町上５０７番地１,6562155
3140001101409,株式会社ボディーショップ浜野,兵庫県,淡路市,斗ノ内３８１番地３,6561743
3140001108841,株式会社ジェルメシャローズ,兵庫県,淡路市,志筑１５３５番地１,6562131
3140001109138,鎮守の森株式会社,兵庫県,淡路市,浦２５０７番地,6562305
3140001110921,プライミクスホールディングス株式会社,兵庫県,淡路市,夢舞台１番３８,6562306
3140001112760,ＰＣ淡路株式会社,兵庫県,淡路市,浦６５７東浦物産館２Ｆ,6562305
3140001118626,株式会社Ｒｅｄｃｈｅｒｒｙ,兵庫県,淡路市,楠本字場中２６４１番１６,6562301
3140001120391,ＭＩＣＯＴＯ株式会社,兵庫県,淡路市,大谷１３８−２ロイヤルコート大谷２０１,6562224
3140001122685,株式会社ＡＷ実業,兵庫県,淡路市,生穂１４６７番地,6562223
3140001124574,株式会社チャルカ・スペース・デザイン,兵庫県,淡路市,楠本３８８番地１,6562301
3140001125151,株式会社渡瀬レッカーサービス,兵庫県,淡路市,斗ノ内６４番地１,6561743
3140001126190,株式会社兵庫鑑定,兵庫県,淡路市,志筑３０２１番地３,6562131
3140001129516,株式会社なかと畜産,兵庫県,淡路市,多賀１４番地,6561521
3140001129805,株式会社ＣＯＭＥ　ＴＲＵＥ,兵庫県,淡路市,大磯８番地７,6562302
3140001133996,株式会社ＤｉＲ,兵庫県,淡路市,久留麻２２０番地１,6562311
3140001134895,株式会社Ｉ’ｖｅ,兵庫県,淡路市,岩屋９８２番地,6562401
3140001136479,株式会社ひととき,兵庫県,淡路市,志筑１７７４番地６,6562131
3140001137147,メデル・ワン・スリー・ファイブ・イー株式会社,兵庫県,淡路市,佐野９００番地,6562212
3140001138871,株式会社タナカ鉄工,兵庫県,淡路市,岩屋５１２番地,6562401
3140001140035,株式会社Ｓｏｕｌ　Ｊｏｕｒｎｅｙ　Ｊａｐａｎ,兵庫県,淡路市,久留麻１８６０番地４０メゾン大池台２０５,6562311
3140001141826,ＨＫテック株式会社,兵庫県,淡路市,志筑１５２６番地２,6562131
3140001142163,株式会社エバーフレッシュコウ,兵庫県,淡路市,浅野南４２３番地,6561741
3150001020582,アティテュード株式会社,兵庫県,淡路市,釜口２１７３,6562334
3200001015800,株式会社アクアスキーム,兵庫県,淡路市,志筑１５１１番地５,6562131
4010501039879,株式会社バルニバービオーガスト,兵庫県,淡路市,尾崎１７９８番地３,6561501
4120001184999,株式会社ヒーリング・リーフ,兵庫県,淡路市,野島常盤６８７−２,6561726
4120001205185,観光防災文化振興企画株式会社,兵庫県,淡路市,仮屋字南８番３,6562331
4120001219739,株式会社エイトポイント,兵庫県,淡路市,室津１１番地,6561606
4140001044037,大永観光株式会社,兵庫県,淡路市,岩屋１３２３番地,6562401
4140001085031,淡路ホーム株式会社,兵庫県,淡路市,中田４１１番地の５,6562163
4140001085048,株式会社アイ・ジャーナル,兵庫県,淡路市,志筑１７７３番地の１,6562131
4140001085064,株式会社金岡光輝園,兵庫県,淡路市,志筑２２１９番地,6562131
4140001085072,株式会社楠組,兵庫県,淡路市,佐野７１０番地,6562212
4140001085080,志筑印刷株式会社,兵庫県,淡路市,志筑３３７１番地,6562131
4140001085089,株式会社松竹堂香舗,兵庫県,淡路市,木曽上畑８７番地,6562153
4140001085097,株式会社ソヤマ,兵庫県,淡路市,志筑３２５３番地,6562131
4140001085106,株式会社大地,兵庫県,淡路市,志筑３３１８番地１,6562131
4140001085114,株式会社ツダ,兵庫県,淡路市,志筑３０７７番地,6562131
4140001085122,津名陸運株式会社,兵庫県,淡路市,志筑３１１２番地の８,6562131
4140001085139,株式会社トータルプラニング,兵庫県,淡路市,生穂８７９番地の３,6562223
4140001085147,野上自工株式会社,兵庫県,淡路市,佐野９４３の３,6562212
4140001085155,株式会社広狩,兵庫県,淡路市,中田４１１番地の２,6562163
4140001085163,平和窯業株式会社,兵庫県,淡路市,大町畑１３６１番地,6562151
4140001085171,株式会社丸信商店,兵庫県,淡路市,志筑１５８１番地の４,6562131
4140001085188,株式会社淡路ブロック工業,兵庫県,淡路市,江井２７８８番地の２,6561531
4140001085196,株式会社魚三水産,兵庫県,淡路市,江井３００１番地,6561531
4140001085213,株式会社尚林堂,兵庫県,淡路市,多賀９５４番地の１,6561521
4140001085221,津名ホンダ株式会社,兵庫県,淡路市,多賀１２５７番地の１,6561521
4140001085238,ムネ製薬株式会社,兵庫県,淡路市,尾崎８５９番地,6561501
4140001085246,井上海運株式会社,兵庫県,淡路市,浦１０３６番地の１,6562305
4140001085254,株式会社おくむら,兵庫県,淡路市,久留麻２２８５番地,6562311
4140001085262,五洋工業株式会社,兵庫県,淡路市,久留麻３６６番地,6562311
4140001085270,千年一酒造株式会社,兵庫県,淡路市,久留麻２４８５番地の１,6562311
4140001085279,株式会社廣田商店,兵庫県,淡路市,楠本２４番地,6562301
4140001085287,山田金属株式会社,兵庫県,淡路市,浦８９５番地,6562305
4140001085295,株式会社アイザックアワジ,兵庫県,淡路市,斗ノ内１３８６番地１,6561743
4140001085304,株式会社岡野漁具店,兵庫県,淡路市,室津２３６４番地の５,6561606
4140001085312,株式会社石松,兵庫県,淡路市,野島平林８８番地,6561724
4140001085320,株式会社清水組,兵庫県,淡路市,長畠４０４番地の２,6561733
4140001085329,常盤興業株式会社,兵庫県,淡路市,小倉２２６番地,6561736
4140001085337,北淡運送株式会社,兵庫県,淡路市,育波１４番地４,6561602
4140001085345,山口水産株式会社,兵庫県,淡路市,野島蟇浦７８４番地１,6561721
4140001085353,株式会社繪島館,兵庫県,淡路市,岩屋９２４番地の１,6562401
4140001085361,株式会社大塩商事,兵庫県,淡路市,岩屋３５５９番地の４,6562401
4140001085378,ミツテック株式会社,兵庫県,淡路市,中村１３４番地の１,6561526
4140001085386,株式会社潮崎商会,兵庫県,淡路市,郡家４０８番地の８,6561511
4140001085394,西濱水産株式会社,兵庫県,淡路市,育波３７６番地,6561602
4140001085403,株式会社ナーブ,兵庫県,淡路市,志筑新島９番地の１,6562132
4140001085444,三昭建設株式会社,兵庫県,淡路市,中田２７９９番地３,6562163
4140001085452,株式会社パソコン森田,兵庫県,淡路市,志筑３１１１番地３８,6562131
4140001085980,柴宇淡路食彩株式会社,兵庫県,淡路市,佐野９２８番地,6562212
4140001086005,株式会社タクマ建設,兵庫県,淡路市,釜口６５４番地,6562334
4140001086013,株式会社トータルインダストリー,兵庫県,淡路市,志筑１４５番地,6562131
4140001086038,株式会社東淡実業,兵庫県,淡路市,志筑８８番地１,6562131
4140001086046,株式会社親和,兵庫県,淡路市,岩屋９２３番地,6562401
4140001086104,株式会社柏木食品衛生事務所,兵庫県,淡路市,郡家２１０番地,6561511
4140001086120,株式会社サイマークジェイ,兵庫県,淡路市,野島轟木２３７,6561722
4140001086153,株式会社アストリア,兵庫県,淡路市,志筑３８９番地１アーバンエルフ７−Ｄ,6562131
4140001086161,株式会社シウ,兵庫県,淡路市,志筑３８９番地１アーバンエルフ７−Ｄ,6562131
4140001086186,株式会社ハタダ,兵庫県,淡路市,野島蟇浦１０４番地,6561721
4140001086252,株式会社ちしろ動物病院,兵庫県,淡路市,志筑１３６８番地２,6562131
4140001086797,株式会社わあぷ,兵庫県,淡路市,岩屋２８５番地１４５,6562401
4140001088232,株式会社パソナふるさとインキュベーション,兵庫県,淡路市,野島蟇浦８４１番地５,6561721
4140001088843,株式会社淡路島パルシェ,兵庫県,淡路市,尾崎３０２５番地１,6561501
4140001091475,株式会社アートリボン,兵庫県,淡路市,岩屋９２４番地１,6562401
4140001092647,株式会社寿司一,兵庫県,淡路市,志筑１１９３番地１,6562131
4140001093661,株式会社エネルギーフロンティア,兵庫県,淡路市,木曽下１２７７番地１,6562154
4140001098479,株式会社らくだふぁーむ淡路,兵庫県,淡路市,石田８６０番地４,6561712
4140001098818,株式会社Ｔ−ＬＩＮＥ,兵庫県,淡路市,釜口２２４１番地１,6562334
4140001102802,株式会社Ｕｐｓｔａｉｒｓ,兵庫県,淡路市,野島轟木２５２,6561722
4140001103882,アイシンコンセルジュ株式会社,兵庫県,淡路市,楠本２１９番地,6562301
4140001106051,株式会社日外製綱所,兵庫県,淡路市,志筑新島８番地２,6562132
4140001109896,株式会社Ｈ．Ｙ．Ｎ,兵庫県,淡路市,久留麻４番地３,6562311
4140001110796,株式会社光建築,兵庫県,淡路市,釜口６２２番地２,6562334
4140001112693,巨億株式会社,兵庫県,淡路市,谷４６９番地２,6562332
4140001113741,株式会社ＫＯＺＯＲＡＳＯＵ,兵庫県,淡路市,里６０１番地１７０,6562143
4140001113840,ライフタイムデザイン株式会社,兵庫県,淡路市,大谷２２３１番地１,6562224
4140001113964,株式会社新成電工,兵庫県,淡路市,郡家５２２番地,6561511
4140001117057,株式会社パソナスマイル,兵庫県,淡路市,野島蟇浦９８５番地１,6561721
4140001117619,株式会社おのころ農園,兵庫県,淡路市,野島蟇浦１６８番地１,6561721
4140001118105,株式会社井戸プラスチック,兵庫県,淡路市,岩屋３０００番地３３４,6562401
4140001118377,株式会社淡路島ほっこりファーム,兵庫県,淡路市,王子５９９番地,6562162
4140001119128,株式会社ひとあし,兵庫県,淡路市,斗ノ内９７番地５,6561743
4140001123451,奥田トマト農園株式会社,兵庫県,淡路市,生穂１９４１番地,6562223
4140001123682,株式会社根波里農園,兵庫県,淡路市,浦１５０４番地下田ハイツ１０３号,6562305
4140001124417,サインズ株式会社,兵庫県,淡路市,多賀９９３番地２,6561521
4140001126644,株式会社田頭建築,兵庫県,淡路市,志筑１１８４番地１,6562131
4140001127097,淡路島球団株式会社,兵庫県,淡路市,生田畑１５１番地,6561604
4140001127469,株式会社刈菜Ｒｉａ,兵庫県,淡路市,岩屋９８３番地,6562401
4140001128079,共進建設株式会社,兵庫県,淡路市,中田２９４９番地１,6562163
4140001129011,株式会社ＰＯＰＭＡＮ,兵庫県,淡路市,岩屋２６１３−１３,6562401
4140001129465,株式会社マーレ,兵庫県,淡路市,浦１３４４番地,6562305
4140001131132,株式会社淡山海,兵庫県,淡路市,佐野９２８番地,6562212
4140001136759,株式会社リルグリーン,兵庫県,淡路市,岩屋６２７−４,6562401
4140001137204,株式会社ＭＯＲＩＴＡ　Ｇｒｏｕｐ,兵庫県,淡路市,長畠５７２番地,6561733
4140001138103,株式会社パソナウェルネスツーリズム,兵庫県,淡路市,野島常盤１０４２,6561726
4140001138292,株式会社サイナス,兵庫県,淡路市,岩屋３５５６番地４７,6562401
4140001139217,株式会社オフィスヒロハット,兵庫県,淡路市,久留麻４１番地４,6562311
4140001139555,株式会社神田ホールディングス,兵庫県,淡路市,斗ノ内３４３番地３,6561743
4140001139720,Ｎｄｅｘ株式会社,兵庫県,淡路市,岩屋２８９６番地１６,6562401
4140001142311,株式会社Ｐａｓｏｎａ　Ｆｕｔｕｒｅ　Ｇａｔｅｗａｙ,兵庫県,淡路市,野島常盤１０４２,6561726
4140001142435,株式会社ＭＳコーポレーション,兵庫県,淡路市,志筑６９番地,6562131
4140002069446,株式会社アライ,兵庫県,淡路市,久留麻１５６番地,6562311
5120001177845,株式会社Ｃａｖａｌｌｅｒｉａ．,兵庫県,淡路市,岩屋１８７１番地,6562401
5120001184932,株式会社次世代共創企画,兵庫県,淡路市,志筑１７２１番地１,6562131
5120001204624,株式会社カキギフロア,兵庫県,淡路市,浦１１７８番地１７,6562305
5120001251162,Ｍｏｎｉｃａ商事株式会社,兵庫県,淡路市,谷４６９番地２,6562332
5140001084602,株式会社福右衛門,兵庫県,淡路市,志筑２３３２番地８、１０２号,6562131
5140001085030,淡路麺業株式会社,兵庫県,淡路市,生穂新島９番地１５,6562225
5140001085039,旭開発株式会社,兵庫県,淡路市,志筑１１１番地７,6562131
5140001085047,株式会社池田農材,兵庫県,淡路市,塩尾３２３番地,6562141
5140001085055,おのころ観光株式会社,兵庫県,淡路市,志筑３２９３番地,6562131
5140001085063,株式会社梶本農機,兵庫県,淡路市,志筑１７５８番地の１,6562131
5140001085088,新世薬品株式会社,兵庫県,淡路市,志筑新島１０番地の１１,6562132
5140001085096,砂田商事株式会社,兵庫県,淡路市,志筑新島６番１８,6562132
5140001085105,大洋物産株式会社,兵庫県,淡路市,佐野２６５８番地の１,6562212
5140001085113,株式会社津名企業センター,兵庫県,淡路市,志筑３５２３番地の２,6562131
5140001085121,株式会社津名フェリーターミナル,兵庫県,淡路市,志筑３５２３番地の２,6562131
5140001085138,株式会社トーヨー,兵庫県,淡路市,志筑３８９番地１アーバンエルフ５Ａ,6562131
5140001085146,日東産業株式会社,兵庫県,淡路市,志筑新島６番地の２２,6562132
5140001085154,株式会社平田組,兵庫県,淡路市,大町上２６０番地の４９,6562155
5140001085162,株式会社フジタ,兵庫県,淡路市,佐野２８０４番地の２,6562212
5140001085170,株式会社丸赤,兵庫県,淡路市,下司１１２０番地,6562144
5140001085179,株式会社モリフジ,兵庫県,淡路市,大町畑５９６番地の６,6562151
5140001085187,淡路金属株式会社,兵庫県,淡路市,草香６８１番地の１,6561556
5140001085195,株式会社植野工務店,兵庫県,淡路市,北山３５番地の７,6561512
5140001085204,近畿壁材工業株式会社,兵庫県,淡路市,多賀２１５０番地,6561521
5140001085212,株式会社芝床建設,兵庫県,淡路市,入野４３７番地,6561552
5140001085220,津名一建設株式会社,兵庫県,淡路市,草香北２４０番地,6561558
5140001085229,西浦水産株式会社,兵庫県,淡路市,郡家１０８７番地の１,6561511
5140001085237,ミツ精機株式会社,兵庫県,淡路市,下河合３０１番地,6561522
5140001085245,株式会社あさひや,兵庫県,淡路市,釜口２３９４−２７,6562334
5140001085253,大磯タクシー株式会社,兵庫県,淡路市,小磯１番地の８,6562303
5140001085278,東浦建設株式会社,兵庫県,淡路市,久留麻３０２４番地３６,6562311
5140001085286,株式会社山口商店,兵庫県,淡路市,久留麻５４番地の３,6562311
5140001085294,株式会社有馬商店,兵庫県,淡路市,富島２０５０番地,6561711
5140001085311,金宝丸冷蔵株式会社,兵庫県,淡路市,育波字西地５７１番地,6561602
5140001085328,帝國線香工業株式会社,兵庫県,淡路市,室津９０番地,6561606
5140001085336,北淡水産株式会社,兵庫県,淡路市,育波１５番地の１,6561602
5140001085344,株式会社山本建設,兵庫県,淡路市,生田田尻８９番地の３,6561605
5140001085352,株式会社岩屋水産加工,兵庫県,淡路市,岩屋１７８４番地の２,6562401
5140001085360,株式会社源平,兵庫県,淡路市,岩屋９２５番地の２２,6562401
5140001085369,播淡聨絡汽船株式会社,兵庫県,淡路市,岩屋９２５番地の２７,6562401
5140001085385,株式会社ビーホーム,兵庫県,淡路市,志筑新島１０番地３６,6562132
5140001085393,株式会社藤岡組,兵庫県,淡路市,興隆寺８７０番地の２,6562211
5140001085410,株式会社エムシー・アンド・イー,兵庫県,淡路市,浦８６０−２レックイン大磯５０８,6562305
5140001085451,株式会社北坂たまご,兵庫県,淡路市,育波１３０４番地１,6561602
5140001085468,ＷＡＮＤＡＳ株式会社,兵庫県,淡路市,佐野２５６１番地,6562212
5140001085988,株式会社昴,兵庫県,淡路市,志筑１５１８番地,6562131
5140001086020,株式会社山水,兵庫県,淡路市,佐野１８８番地,6562212
5140001086078,株式会社コウ,兵庫県,淡路市,志筑３８９番地１アーバンエルフ７−Ｄ,6562131
5140001086136,株式会社ピーエムシーロジスティック,兵庫県,淡路市,志筑３０７１番地,6562131
5140001086160,株式会社五斗長営農,兵庫県,淡路市,黒谷１４９９番地１,6561601
5140001086169,株式会社おおた,兵庫県,淡路市,志筑１７５７番地,6562131
5140001086185,株式会社池上農場,兵庫県,淡路市,高山甲５０４番地,6561551
5140001086763,株式会社淡路貴船太陽光発電所,兵庫県,淡路市,野島貴船字平見３１３番地,6561727
5140001087885,田尾不動産株式会社,兵庫県,淡路市,志筑１８６７番地２,6562131
5140001091474,株式会社アニメエッグ,兵庫県,淡路市,岩屋９２４番地１,6562401
5140001094898,ＭＡＨＡＬＯ株式会社,兵庫県,淡路市,佐野新島１番地１,6562213
5140001097810,マスダリフォーム株式会社,兵庫県,淡路市,大谷９４６番地の１,6562224
5140001098949,セイリヤドットコム株式会社,兵庫県,淡路市,中田８３９番地１,6562163
5140001099162,株式会社松下牧場,兵庫県,淡路市,岩屋１１８５番地,6562401
5140001103857,淡路島グラン株式会社,兵庫県,淡路市,野島江崎６１１,6561725
5140001104418,島と暮らすファーム株式会社,兵庫県,淡路市,大磯６番地,6562302
5140001104938,株式会社ユーウィン,兵庫県,淡路市,岩屋１７６９番地１,6562401
5140001105812,株式会社ＳＫＣ,兵庫県,淡路市,釜口２２５７番地,6562334
5140001106001,株式会社ＳＳＨ,兵庫県,淡路市,岩屋３０００番地７２,6562401
5140001106752,株式会社大坪営農,兵庫県,淡路市,生田大坪１３９番地１号,6561603
5140001107635,株式会社Ｇａｙａｔｒｉ,兵庫県,淡路市,尾崎３０６７番地１０,6561501
5140001112008,Ｌ’Ｅｓｐｏｉｒ株式会社,兵庫県,淡路市,育波１８２８番地,6561602
5140001112230,株式会社裕組,兵庫県,淡路市,志筑３４１８番地９,6562131
5140001112461,株式会社パーク,兵庫県,淡路市,興隆寺８７０番地２,6562211
5140001113773,株式会社ｅｐ−ｍｏｄｅｌｓ,兵庫県,淡路市,室津２３０８番地の５,6561606
5140001115407,株式会社籾谷畜産,兵庫県,淡路市,柳澤乙１４５番地,6561541
5140001116082,株式会社野添農園,兵庫県,淡路市,里２９６番地,6562143
5140001117650,前谷工務店株式会社,兵庫県,淡路市,深草３００番地,6561554
5140001119928,Ａｒｔｅｍｉｓ株式会社,兵庫県,淡路市,室津１１９０番地２,6561606
5140001121157,株式会社ベルツリー,兵庫県,淡路市,育波１０７番地２,6561602
5140001122147,株式会社栄自動車,兵庫県,淡路市,佐野７０７番地,6562212
5140001122519,株式会社パソナＨＲ　ＨＵＢ,兵庫県,淡路市,久留麻７２,6562311
5140001123871,株式会社カフカ,兵庫県,淡路市,谷４３１番地３,6562332
5140001124044,株式会社Ｆ．Ｄ　ＢＵＩＬＤ,兵庫県,淡路市,岩屋１８２５番地２１,6562401
5140001124390,ロジック・アンド・オーシャン株式会社,兵庫県,淡路市,久留麻１８６０番地２７,6562311
5140001129092,イザナミファーム株式会社,兵庫県,淡路市,郡家１１６番地２,6561511
5140001129183,株式会社みなみもり,兵庫県,淡路市,志筑３８９番地１−６−Ｄ,6562131
5140001132699,株式会社国際観光ホテル淡海荘,兵庫県,淡路市,岩屋３５５９番地の４,6562401
5140001134241,株式会社Ｋｉｒａｒａ,兵庫県,淡路市,久留麻５６番地７,6562311
5140001136270,木日木株式会社,兵庫県,淡路市,長澤１７０９番地２,6562221
5140001136799,アグリテックファーム株式会社,兵庫県,淡路市,中田３９８６番地３,6562163
5140001139174,株式会社ＢＡＲＮＳ,兵庫県,淡路市,郡家１３３７番地,6561511
5140001139372,株式会社ＴＥＶＡ　ＳＡＮＣＯＮ,兵庫県,淡路市,大町下９６２番地,6562156
5140001140082,ＨＩＲＩＮ株式会社,兵庫県,淡路市,野島江崎７９番地１,6561725
5140001141279,ライフワーク株式会社,兵庫県,淡路市,里６０１−１３２,6562143
5140001142310,株式会社ＰＡＳＯＮＡ　ＮＡＴＩＶＥ　Ｄｅｓｉｇｎ,兵庫県,淡路市,野島常盤１０４２,6561726
6120001024377,株式会社辻本智子環境デザイン研究所,兵庫県,淡路市,岩屋３０００番地１７６,6562401
6120101030523,株式会社二神潜水,兵庫県,淡路市,生穂１４７１番地,6562223
6140001027774,篠田プラズマ株式会社,兵庫県,淡路市,浜１番６５,6562304
6140001085038,株式会社アワジメンテナンス,兵庫県,淡路市,志筑３０４２番地,6562131
6140001085046,株式会社インテリアサロン城古,兵庫県,淡路市,志筑新島６番地の１２,6562132
6140001085054,株式会社オールジャパンオイル,兵庫県,淡路市,中田４４番地の１,6562163
6140001085062,関西ハウス工業株式会社,兵庫県,淡路市,生穂１８０３番地の２,6562223
6140001085070,近畿セラミックス株式会社,兵庫県,淡路市,大谷８８１番地の８,6562224
6140001085079,塩田油槽船株式会社,兵庫県,淡路市,塩尾２２３番地,6562141
6140001085095,株式会社鈴木商店,兵庫県,淡路市,志筑１７２０番地の１,6562131
6140001085104,高田運送株式会社,兵庫県,淡路市,生穂１３１３番地１,6562223
6140001085112,中央測量設計株式会社,兵庫県,淡路市,志筑２６２２番地,6562131
6140001085120,津名土木株式会社,兵庫県,淡路市,生穂１７６９番地の８,6562223
6140001085129,津名港サービスセンター株式会社,兵庫県,淡路市,大谷２４４７番地,6562224
6140001085137,堂上酒造株式会社,兵庫県,淡路市,志筑１６５３番地の２,6562131
6140001085145,株式会社長尾工業,兵庫県,淡路市,志筑５８１番地の１,6562131
6140001085153,株式会社平松組,兵庫県,淡路市,王子８１９番地,6562162
6140001085161,株式会社ファニーファクトリー,兵庫県,淡路市,大谷９３７番地の１２,6562224
6140001085178,向内造園株式会社,兵庫県,淡路市,里３０番地の１,6562143
6140001085186,淡路アポロ石油株式会社,兵庫県,淡路市,多賀９７７番地,6561521
6140001085194,株式会社生田建設,兵庫県,淡路市,郡家１８９番地の１２,6561511
6140001085203,株式会社行司工務店,兵庫県,淡路市,多賀９８２番地,6561521
6140001085211,下村建設株式会社,兵庫県,淡路市,多賀１９０８番地の２,6561521
6140001085228,株式会社濁池建設,兵庫県,淡路市,柳澤甲１０３番地の４,6561541
6140001085236,前川建設株式会社,兵庫県,淡路市,明神６４８番地,6561557
6140001085244,株式会社アサヒ経営センター,兵庫県,淡路市,浦８６２番地の２,6562305
6140001085252,奥村土地株式会社,兵庫県,淡路市,久留麻２２３９番地,6562311
6140001085260,株式会社来田材木店,兵庫県,淡路市,久留麻２６８７番地,6562311
6140001085269,白山建設株式会社,兵庫県,淡路市,白山４５７番地,6562322
6140001085293,淡路梅薫堂株式会社,兵庫県,淡路市,江井２８４５番地１,6561531
6140001085302,大崎造船株式会社,兵庫県,淡路市,富島１９００番地,6561711
6140001085310,株式会社片山葬祭,兵庫県,淡路市,育波５２０番地,6561602
6140001085319,株式会社新香,兵庫県,淡路市,室津字平見１９１番１,6561606
6140001085327,高栄水産株式会社,兵庫県,淡路市,育波３３４番地の１,6561602
6140001085335,株式会社北淡建設,兵庫県,淡路市,斗ノ内１４０７番地２,6561743
6140001085343,籔淵建設株式会社,兵庫県,淡路市,小倉７番地,6561736
6140001085351,株式会社淡路観光開発公社,兵庫県,淡路市,岩屋１１８７番地の１,6562401
6140001085376,株式会社夢郷あわじ,兵庫県,淡路市,岩屋９２３番地,6562401
6140001085384,株式会社アイセ・トゥエンティワン,兵庫県,淡路市,久留麻２７番地２０,6562311
6140001085392,株式会社津村造園,兵庫県,淡路市,久留麻８５１番地,6562311
6140001085401,株式会社Ｈ・Ｂ・Ｙ,兵庫県,淡路市,浦６５７番地,6562305
6140001085450,株式会社サンホーム,兵庫県,淡路市,佐野１３３０番地の１,6562212
6140001085459,株式会社ＳＫＣ,兵庫県,淡路市,釜口２２５７番地,6562334
6140001085467,淡路ルートサービス株式会社,兵庫県,淡路市,岩屋２５６８,6562401
6140001086036,株式会社五大,兵庫県,淡路市,野田尾１１４４番地,6562222
6140001086085,株式会社ステップイングリッシュクラブ,兵庫県,淡路市,谷４４２番地１,6562332
6140001086110,株式会社松竹ＳＴＳ,兵庫県,淡路市,浦８６２番地４,6562305
6140001086135,株式会社アドピーエムシー,兵庫県,淡路市,志筑３０７１番地,6562131
6140001086192,淡路総合メンテナンス株式会社,兵庫県,淡路市,小倉７３番地,6561736
6140001086218,株式会社ニコマート,兵庫県,淡路市,浦７１７番地８,6562305
6140001086267,株式会社セントラルファーム,兵庫県,淡路市,富島９６７番地,6561711
6140001086309,株式会社スマイルサポート,兵庫県,淡路市,岩屋２９４２番地３５,6562401
6140001086746,株式会社アースクリーン,兵庫県,淡路市,志筑新島１０番地３６,6562132
6140001091011,株式会社Ｋ．ファーム,兵庫県,淡路市,浦９３３番地２,6562305
6140001091473,株式会社リボーン,兵庫県,淡路市,岩屋９２４番地１,6562401
6140001094427,株式会社ＳＵＮオカモト,兵庫県,淡路市,志筑２９番地,6562131
6140001096687,丸一水産株式会社,兵庫県,淡路市,育波５７２番地１,6561602
6140001096877,株式会社プライムパーツ,兵庫県,淡路市,大磯２４番地１,6562302
6140001097784,Ｒｉａｎ株式会社,兵庫県,淡路市,楠本３５５番地４,6562301
6140001098972,株式会社育波共同鉄工所,兵庫県,淡路市,斗ノ内６３番地１,6561743
6140001099046,舞ファーム株式会社,兵庫県,淡路市,岩屋３７５番地８,6562401
6140001099509,株式会社ラ・アモール,兵庫県,淡路市,大町畑１１０４番地１,6562151
6140001099649,株式会社ＧＥＮＫＩ,兵庫県,淡路市,釜口１２８１−５,6562334
6140001099673,株式会社御所営農,兵庫県,淡路市,中田１７１４番地１,6562163
6140001100119,株式会社大町上営農,兵庫県,淡路市,大町上２０４番地５,6562155
6140001102222,株式会社ヨヨヨ,兵庫県,淡路市,浅野南３６０番地２,6561741
6140001102296,株式会社プラージュ,兵庫県,淡路市,釜口１９７３番地２,6562334
6140001108707,株式会社伊藤線香工場,兵庫県,淡路市,竹谷５１３番地３,6561524
6140001110588,株式会社３３７,兵庫県,淡路市,室津２５１０番地１,6561606
6140001111883,株式会社タネノチカラ,兵庫県,淡路市,岩屋９２４番地１,6562401
6140001112881,アストロマーケティング株式会社,兵庫県,淡路市,志筑１４１６番地リバーサイド宝珠４０５号,6562131
6140001113252,株式会社ショーゼンホールディングス,兵庫県,淡路市,木曽下１６２番地３,6562154
6140001113434,株式会社ＯｆｆｉｃｅＷｉｔｈ．Ｙｏｕ,兵庫県,淡路市,楠本２１５−１２,6562301
6140001113673,株式会社高田屋,兵庫県,淡路市,室津２４２８番地,6561606
6140001116593,株式会社ＳＵＮＡＮＯＵＴＡ,兵庫県,淡路市,浦１１０７番地５,6562305
6140001116874,株式会社サウスショア,兵庫県,淡路市,高山乙１７番地,6561551
6140001118598,株式会社淡路島西海岸,兵庫県,淡路市,室津２４２８番地,6561606
6140001118805,株式会社淡路二輪カスタムパーツセンター,兵庫県,淡路市,志筑３０７３番地３,6562131
6140001119745,株式会社淡路島いちじくファーム,兵庫県,淡路市,室津２６２４番地,6561606
6140001119786,株式会社アンカレイジ,兵庫県,淡路市,生穂１８０３番地の２,6562223
6140001120117,株式会社総合建築植田,兵庫県,淡路市,志筑１４６２番地６,6562131
6140001120876,株式会社エコ・ジャム,兵庫県,淡路市,里５７３番地１７５,6562143
6140001122575,株式会社ｎｏｘｉｐｌｕｓ,兵庫県,淡路市,里６０１番地７８,6562143
6140001124051,ＯＳＰ株式会社,兵庫県,淡路市,志筑３９６９番地３,6562131
6140001125396,株式会社ＯＮＥ淡路,兵庫県,淡路市,志筑９１−７ツナポートビル１Ａ,6562131
6140001125479,株式会社ｏｏｃ,兵庫県,淡路市,志筑２８０１番地１,6562131
6140001126502,株式会社わたしたち,兵庫県,淡路市,野島常盤１４６３番地６,6561726
6140001128218,株式会社インプレッション,兵庫県,淡路市,浦９２２番地１メゾン橘５０１,6562305
6140001128416,株式会社ＲＵＲＡＬ,兵庫県,淡路市,大谷１４６７番地４,6562224
6140001128787,株式会社Ｉ’ｌｌ,兵庫県,淡路市,江井２３７６番地２,6561531
6140001129026,株式会社おくむら,兵庫県,淡路市,志筑１６９７番地１,6562131
6140001132599,宏昌産業株式会社,兵庫県,淡路市,尾崎１６８１番地,6561501
6140001133201,株式会社Ｖｉｃｔｏｒ,兵庫県,淡路市,志筑新島１０−４６アストラ淡路ビル３０３号,6562132
6140001133473,くにうみ警備保障株式会社,兵庫県,淡路市,志筑１１８４番地１,6562131
6140001134109,沖建設株式会社,兵庫県,淡路市,釜口４４４番地２,6562334
6140001138704,株式会社おのころ舟木,兵庫県,淡路市,小倉２５８番地,6561736
6140001139685,株式会社森鮮魚店,兵庫県,淡路市,久留麻２３４８番地,6562311
6140001139933,株式会社開森,兵庫県,淡路市,斗ノ内１４１０番地２７,6561743
6140002068801,株式会社熊田鋳造所,兵庫県,淡路市,池ノ内１３８６番地１,6562161
6140002069312,株式会社寺鼻畜産,兵庫県,淡路市,中田４１６３番地,6562163
7010001220382,株式会社古酒の舎,兵庫県,淡路市,野島大川７０,6561723
7120001066278,株式会社第一通産イースト,兵庫県,淡路市,釜口５５番地９,6562334
7130001053424,ヨシモトプロテック株式会社,兵庫県,淡路市,野島蟇浦宮前６６１−１,6561721
7140001084690,株式会社興陽,兵庫県,淡路市,岩屋３０００番地３８,6562401
7140001085029,株式会社ツーワン,兵庫県,淡路市,志筑３１１１番地の１５,6562131
7140001085037,淡路実業株式会社,兵庫県,淡路市,野田尾４７４番地,6562222
7140001085045,株式会社いづも庵,兵庫県,淡路市,生穂新島９番地１５,6562225
7140001085053,株式会社エヌカンパニー,兵庫県,淡路市,志筑１３６８番地の２,6562131
7140001085061,株式会社柏木商店,兵庫県,淡路市,志筑新島２番地の９,6562132
7140001085078,佐藤縫製株式会社,兵庫県,淡路市,志筑２８３２番地の１,6562131
7140001085086,株式会社志筑土井スレート商店,兵庫県,淡路市,志筑３１１２番地の４３,6562131
7140001085094,新日本機構株式会社,兵庫県,淡路市,佐野４３１番地の４,6562212
7140001085111,ダイイチサイクル株式会社,兵庫県,淡路市,木曽上８８番地,6562152
7140001085128,株式会社津名運送,兵庫県,淡路市,佐野４６０番地,6562212
7140001085136,株式会社寺西工務店,兵庫県,淡路市,佐野１３３０番地の１,6562212
7140001085144,株式会社中尾久吉商店,兵庫県,淡路市,志筑１７９０番地の１,6562131
7140001085152,株式会社委文工務店,兵庫県,淡路市,佐野１１４１番地の１,6562212
7140001085160,プラニングサービス株式会社,兵庫県,淡路市,志筑１６８９番地,6562131
7140001085169,松井木材株式会社,兵庫県,淡路市,生穂２２３３番地,6562223
7140001085177,株式会社ミノダ,兵庫県,淡路市,中田４００番地の２,6562163
7140001085193,株式会社池上建設,兵庫県,淡路市,高山甲５０４番地,6561551
7140001085202,株式会社関西コンサルタント,兵庫県,淡路市,下河合７３３番地の３,6561522
7140001085210,株式会社下土井,兵庫県,淡路市,遠田３１４４番地,6561503
7140001085219,株式会社中淡建設,兵庫県,淡路市,柳沢丙３８０番地の４,6562100
7140001085227,中村産業株式会社,兵庫県,淡路市,新村４６９番地,6561502
7140001085235,広瀬モータース株式会社,兵庫県,淡路市,竹谷６８７番地の４,6561524
7140001085243,淡路繊維工業株式会社,兵庫県,淡路市,久留麻６８番地の１,6562311
7140001085251,株式会社太田石油,兵庫県,淡路市,谷１８番地,6562332
7140001085276,株式会社中山自動車,兵庫県,淡路市,釜口２２７１番地１,6562334
7140001085284,株式会社水谷建設,兵庫県,淡路市,楠本８３４番地,6562301
7140001085292,淡路観光開発株式会社,兵庫県,淡路市,生田田尻字池ノ谷６２９番地,6561605
7140001085301,株式会社オオサキ,兵庫県,淡路市,浅野南水越９９番地の５,6561741
7140001085318,株式会社志田建設興業,兵庫県,淡路市,浅野南４１６番地１１,6561741
7140001085326,大生開発株式会社,兵庫県,淡路市,岩屋１７８３番地２,6562401
7140001085334,藤本水産株式会社,兵庫県,淡路市,育波字四斗里３８７番地,6561602
7140001085342,株式会社八嶋組,兵庫県,淡路市,仁井２番地３,6561731
7140001085350,株式会社アンカー,兵庫県,淡路市,久留麻１３８−３,6562311
7140001085367,株式会社十一屋,兵庫県,淡路市,岩屋鵜崎台３０００番地の７９,6562401
7140001085375,株式会社ヤマニ西田水産,兵庫県,淡路市,岩屋２９１０番地の１０２,6562401
7140001085383,株式会社グローバルグリーン,兵庫県,淡路市,岩屋６１８番地の２,6562401
7140001085391,のり網エコネット株式会社,兵庫県,淡路市,野島大川１０２番地,6561723
7140001085400,福吉通商株式会社,兵庫県,淡路市,富島１１４５番地富島ビル４階,6561711
7140001085409,株式会社シバオ酒販,兵庫県,淡路市,佐野２０３４番地,6562212
7140001085458,株式会社岡田シェル製作所,兵庫県,淡路市,大町下４０８番地,6562156
7140001086010,常勝興業株式会社,兵庫県,淡路市,生穂１５６３番地,6562223
7140001086068,株式会社ウィルイット,兵庫県,淡路市,塩尾５１９番地１３１,6562141
7140001086084,株式会社菊寿堂,兵庫県,淡路市,江井２７０３番地７,6561531
7140001086118,株式会社ウィズエステート,兵庫県,淡路市,中田２９４９番地１,6562163
7140001086142,ベストファーム株式会社,兵庫県,淡路市,木曽上畑４５番地,6562153
7140001086200,株式会社淡路セキュリティー,兵庫県,淡路市,浅野南５８６番地２,6561741
7140001086209,株式会社しんたに,兵庫県,淡路市,中田４１３９番地４,6562163
7140001086233,株式会社たび猫堂電脳工房,兵庫県,淡路市,生穂１４２２番地,6562223
7140001086258,株式会社ファームステーション,兵庫県,淡路市,中田４０１１番地５,6562163
7140001086274,株式会社ユーティ,兵庫県,淡路市,岩屋３０００番地２３,6562401
7140001091191,株式会社神港石材,兵庫県,淡路市,志筑７５１番地１,6562131
7140001091522,株式会社あわじシステムトレード研究所,兵庫県,淡路市,志筑２３０６番地１３,6562131
7140001093394,株式会社Ａ−ｓｈｉｎ,兵庫県,淡路市,富島１４０４番地,6561711
7140001096389,株式会社ニー・イースト,兵庫県,淡路市,井手１３０番地２,6561525
7140001098435,株式会社ライズアンドカンパニー,兵庫県,淡路市,志筑７５１番地２,6562131
7140001100134,株式会社三国堂,兵庫県,淡路市,遠田１４７８番地２,6561503
7140001100258,株式会社井脇鉄工所,兵庫県,淡路市,久留麻８０５番地９,6562311
7140001100464,株式会社ＡＬＬＥＲ．１,兵庫県,淡路市,江井６８２,6561531
7140001100571,株式会社ハラダ農園,兵庫県,淡路市,木曽上１０２８番地,6562152
7140001100836,株式会社武吉,兵庫県,淡路市,斗ノ内１４１０番地６,6561743
7140001101264,淡路島農水産株式会社,兵庫県,淡路市,江井１９７０番地３,6561531
7140001102023,株式会社アルファ・アグリファーム淡路,兵庫県,淡路市,岩屋２６１３番地１５,6562401
7140001102766,大永地所株式会社,兵庫県,淡路市,岩屋１３２３番地,6562401
7140001103847,株式会社瀬戸の海暮らし,兵庫県,淡路市,岩屋３０００番地７２,6562401
7140001105785,淡路島仲野水産株式会社,兵庫県,淡路市,佐野２７０６番地１,6562212
7140001106503,株式会社ヨシダ,兵庫県,淡路市,生穂２１０１番地４,6562223
7140001107476,株式会社ソーシャルドローン,兵庫県,淡路市,岩屋９２４番地１,6562401
7140001109068,株式会社今井ファーム,兵庫県,淡路市,久留麻７８４番地２,6562311
7140001109860,Ａ．ＧｒｉＤ株式会社,兵庫県,淡路市,志筑３０６４番地７,6562131
7140001110141,株式会社友大,兵庫県,淡路市,志筑２５５４番地１,6562131
7140001115999,株式会社メディカルユアーズ総合研究所,兵庫県,淡路市,釜口２４０４番地４,6562334
7140001118861,株式会社島Ｓｔｙｌｅ,兵庫県,淡路市,楠本２５６番地１,6562301
7140001119323,株式会社ＨＡＫＯＢＵ,兵庫県,淡路市,生穂新島１−２,6562225
7140001119496,株式会社エムエコロジーズ,兵庫県,淡路市,大町下６１５,6562156
7140001119703,株式会社こぞら荘空間舎,兵庫県,淡路市,里６０１番地１７０,6562143
7140001121428,株式会社ありがとう村プロジェクト,兵庫県,淡路市,遠田３１０３−１,6561503
7140001122005,株式会社ＢＲＩＤＧＥ,兵庫県,淡路市,岩屋１８７１番地,6562401
7140001122764,株式会社明陽運輸,兵庫県,淡路市,大谷８９３番地の９,6562224
7140001122938,株式会社福条モータース,兵庫県,淡路市,志筑１６３０番地１１,6562131
7140001123143,株式会社Ｐａｓｏｎａ　Ｒｅｓｏｒｔ,兵庫県,淡路市,久留麻１９０７番地,6562311
7140001123283,株式会社Ｒｅ創,兵庫県,淡路市,郡家７１番地７,6561511
7140001125486,株式会社関仲,兵庫県,淡路市,生穂新島５番地７,6562225
7140001126831,株式会社やまとごころ,兵庫県,淡路市,塩尾６９６番地,6562141
7140001130255,ｅＡｔ　ｅａｓｅ株式会社,兵庫県,淡路市,久留麻１２２９番地５,6562311
7140001130370,株式会社フレアデザイン,兵庫県,淡路市,多賀９９４番地１,6561521
7140001130668,株式会社ｕｎｃｒｅｄｉｔ,兵庫県,淡路市,岩屋９２５−５メゾン岩屋４０３号室,6562401
7140001131476,株式会社大前電工,兵庫県,淡路市,生穂１５３９番地,6562223
7140001134149,株式会社麻布十番,兵庫県,淡路市,志筑２３３２番地８、２０２号,6562131
7140001134925,株式会社ＪＷパートナーズ,兵庫県,淡路市,久留麻１８６０番地５７,6562311
7140001135972,株式会社巌水産,兵庫県,淡路市,久留麻２１１２番地,6562311
7140001136500,株式会社Ｊ・ｆａｃｔｏｒｙ淡路屋,兵庫県,淡路市,久留麻１７９９番地１１,6562311
7140001142226,株式会社里農園,兵庫県,淡路市,山田乙１７４番地２,6561553
7140002069625,株式会社Ｒ・ａｎｄ・Ａ,兵庫県,淡路市,志筑１１６番地の２,6562131
7500001025212,株式会社ナノリューション,兵庫県,淡路市,佐野新島１番１号,6562213
8140001006396,営和建設株式会社,兵庫県,淡路市,楠本字中山２９４５番地９,6562301
8140001030347,Ａｘｉａｌ　ａｓｓｅｔ株式会社,兵庫県,淡路市,岩屋１３７２番地１,6562401
8140001085028,淡路生コン工業株式会社,兵庫県,淡路市,志筑新島２番地の５,6562132
8140001085036,株式会社淡路丸味フーズ,兵庫県,淡路市,佐野１５８０番地,6562212
8140001085052,栄川スタジオ株式会社,兵庫県,淡路市,久留麻１２番地３,6562311
8140001085060,梶内だんじり株式会社,兵庫県,淡路市,志筑３１０５番地の２,6562131
8140001085069,木下自動車株式会社,兵庫県,淡路市,志筑新島８番地４,6562132
8140001085077,株式会社三和製作所,兵庫県,淡路市,志筑２５７０番地２,6562131
8140001085085,株式会社太耀電化商會,兵庫県,淡路市,志筑３２９３番地,6562131
8140001085093,株式会社島村,兵庫県,淡路市,中田４１３９番地４,6562163
8140001085102,株式会社太陽土木,兵庫県,淡路市,佐野７０６番地の３,6562212
8140001085110,株式会社ダンコー・サービス,兵庫県,淡路市,生穂新島５番４号,6562225
8140001085119,津名電器株式会社,兵庫県,淡路市,木曽上１００１番地,6562152
8140001085127,つるでん株式会社,兵庫県,淡路市,志筑３１１２番地３９,6562131
8140001085135,株式会社寺西組,兵庫県,淡路市,佐野１８０７番地の２,6562212
8140001085143,楠昌株式会社,兵庫県,淡路市,志筑８８５番地の１,6562131
8140001085151,株式会社ハーバーパークシティ,兵庫県,淡路市,志筑新島１０番地３,6562132
8140001085176,株式会社Ｌｉｖｅ　ｓｔｏｒｙ,兵庫県,淡路市,木曽上１０１１番地の５,6562152
8140001085201,株式会社カシゲン,兵庫県,淡路市,郡家２３７番地の３,6561511
8140001085218,株式会社高崎建設,兵庫県,淡路市,多賀２０２６番地,6561521
8140001085226,株式会社ないかい,兵庫県,淡路市,江井３２７０番地３,6561531
8140001085234,株式会社ひさしげ,兵庫県,淡路市,郡家９３１番地の１,6561511
8140001085242,株式会社雨松工務店,兵庫県,淡路市,浦９０６番地の３,6562305
8140001085250,パナソニックエナジー東浦株式会社,兵庫県,淡路市,小磯１番地１,6562303
8140001085259,関西技研株式会社,兵庫県,淡路市,久留麻２６番地の３,6562311
8140001085267,親栄建設株式会社,兵庫県,淡路市,浦４８０番地,6562305
8140001085283,三谷建設株式会社,兵庫県,淡路市,久留麻２０４５番地４,6562311
8140001085291,株式会社夢舞台,兵庫県,淡路市,夢舞台１番地,6562306
8140001085300,株式会社エーディーエス,兵庫県,淡路市,生田畑２５０番地,6561604
8140001085309,株式会社神田鉄工所,兵庫県,淡路市,浅野南１８５番地１,6561741
8140001085325,谷口工機株式会社,兵庫県,淡路市,浅野南１１６５番地,6561741
8140001085333,株式会社藤澤石油店,兵庫県,淡路市,富島１９５６番地,6561711
8140001085341,株式会社宮野建設,兵庫県,淡路市,育波字追原４８７番地の１,6561602
8140001085358,株式会社キャトルセゾン松帆,兵庫県,淡路市,岩屋３５７０番地の４,6562401
8140001085366,株式会社太陽製菓,兵庫県,淡路市,岩屋１４４８番地,6562401
8140001085374,山川産業株式会社,兵庫県,淡路市,岩屋１３２０番地の４,6562401
8140001085382,株式会社サトウエンタープライズ,兵庫県,淡路市,塩尾網代５９０番地の１７,6562141
8140001085399,株式会社高部材木店,兵庫県,淡路市,郡家１４８番地の２,6561511
8140001085408,株式会社八尋,兵庫県,淡路市,志筑新島１０番地４０,6562132
8140001085449,株式会社森下建設,兵庫県,淡路市,塩尾２１１番地,6562141
8140001085457,株式会社おおたに,兵庫県,淡路市,郡家１１０９番地２,6561511
8140001086018,株式会社しばゑもん,兵庫県,淡路市,佐野新島９番地６,6562213
8140001086050,株式会社司,兵庫県,淡路市,尾崎３３２４番地２,6561501
8140001086109,シミズ商株式会社,兵庫県,淡路市,浦１６０番地の１,6562305
8140001086182,株式会社オアシス,兵庫県,淡路市,志筑３１１１番地３８,6562131
8140001086190,株式会社さくらの郷ファーム,兵庫県,淡路市,山田甲１０１３番地,6561553
8140001086199,Ｍｅｔ．Ｒｏ．株式会社,兵庫県,淡路市,志筑３８９番地１アーバンエルフ７−Ｄ,6562131
8140001086249,ＢＣ．Ｏ株式会社,兵庫県,淡路市,志筑３８９番地１アーバンエルフ７−Ｄ,6562131
8140001086257,株式会社はやぶさ調剤薬局,兵庫県,淡路市,久留麻１９０７番地,6562311
8140001086273,大畑海運株式会社,兵庫県,淡路市,浅野南１０４番地５,6561741
8140001087809,株式会社松建,兵庫県,淡路市,中田４３番地１,6562163
8140001088121,株式会社ＯＮＯＫＯＲＯ,兵庫県,淡路市,塩田新島８番地５,6562142
8140001088336,株式会社サンデサン,兵庫県,淡路市,志筑３１１１−３２,6562131
8140001088476,あおい葬祭株式会社,兵庫県,淡路市,佐野１５８０番地,6562212
8140001090952,株式会社マサユキ,兵庫県,淡路市,岩屋１８４６番地１,6562401
8140001095101,マリンフォース株式会社,兵庫県,淡路市,江井１５３０番地,6561531
8140001095282,株式会社淡路の島菜園,兵庫県,淡路市,野島常盤１５５０番地１０,6561726
8140001095984,株式会社ＳＵＳテックＪａｐａｎエナジー,兵庫県,淡路市,池ノ内４１４番地５,6562161
8140001098392,株式会社ビオアグリ,兵庫県,淡路市,岩屋９２４番地１,6562401
8140001107368,株式会社縁満,兵庫県,淡路市,富島１２９番地,6561711
8140001107954,株式会社ワールドネットワークワン,兵庫県,淡路市,郡家８５１番地,6561511
8140001108548,株式会社ＮＥＳＳ,兵庫県,淡路市,久留麻２８番地５３,6562311
8140001110727,株式会社恵美寿,兵庫県,淡路市,岩屋１４１４番地１,6562401
8140001114678,多奇一品国際株式会社,兵庫県,淡路市,志筑２６０６番地１０,6562131
8140001116526,株式会社さの小,兵庫県,淡路市,佐野９００番地,6562212
8140001122078,株式会社Ｒ,兵庫県,淡路市,久留麻２０５８−２,6562311
8140001125733,株式会社カーロデザイン,兵庫県,淡路市,釜口８９２番地１,6562334
8140001127226,株式会社しまぞろえ,兵庫県,淡路市,育波４５９番地１,6561602
8140001127845,暮らしのデザイン株式会社,兵庫県,淡路市,岩屋１６９３番地９,6562401
8140001131475,三大水産株式会社,兵庫県,淡路市,仮屋３２２番地３,6562331
8140001132754,株式会社ワンチーム,兵庫県,淡路市,育波５８４番地１,6561602
8140001134296,株式会社タイセイイチヨシ,兵庫県,淡路市,室津２４２８番地,6561606
8140001136482,株式会社リバック,兵庫県,淡路市,斗ノ内７０番地１,6561743
8140001138223,津田商会株式会社,兵庫県,淡路市,北山２９４番地３,6561512
8140001138248,株式会社ムカエ,兵庫県,淡路市,大谷１１５２番地２,6562224
8140001140773,株式会社ヤマス,兵庫県,淡路市,志筑１７１５番地３,6562131
8140001141350,そら株式会社,兵庫県,淡路市,大谷１１６４番地１,6562224
8140001141367,株式会社ＮＡＤＥＮＯＵＥＮ,兵庫県,淡路市,草香２８０番地１,6561556
8140002069616,株式会社ドリーム,兵庫県,淡路市,大谷９４５番地の１,6562224
8140005019477,株式会社津名の郷,兵庫県,淡路市,志筑３５１９番地８,6562131
8160001003598,株式会社ビワコム,兵庫県,淡路市,久留麻２８番地５０,6562311
8500001016334,株式会社エコプランニング,兵庫県,淡路市,中田１９９番地１,6562163
9010401126426,株式会社ＭＩＲＡＩＥ,兵庫県,淡路市,里字海平８６５番３８,6562143
9010401147843,Ｏｎｅ＆Ｏｎｌｙ株式会社,兵庫県,淡路市,室津１１９０番地２,6561606
9010602031350,株式会社東経１３５度,兵庫県,淡路市,育波３０４番地４,6561602
9010901048847,株式会社Ｄ,兵庫県,淡路市,久留麻１９０７マンション北の街３０４,6562311
9020001108823,株式会社セレス,兵庫県,淡路市,大町畑６３９番地,6562151
9120001129256,淡路島ぐるめ屋株式会社,兵庫県,淡路市,野島江崎５６２−２,6561725
9120003017608,株式会社すぐｄｏ,兵庫県,淡路市,多賀１２６０,6561521
9130001056326,株式会社Ｍｏｔｈｅｒ　Ｅａｒｔｈ,兵庫県,淡路市,久留麻１８５−１−３０２,6562311
9140001022649,株式会社パソナロジコム,兵庫県,淡路市,岩屋２９４２−２６,6562401
9140001085035,株式会社淡路ニット本店,兵庫県,淡路市,志筑１１９５番地の３,6562131
9140001085043,株式会社出雲建設,兵庫県,淡路市,中田４０２番地,6562163
9140001085051,株式会社エーシーティー,兵庫県,淡路市,大町畑５８４番地の１,6562151
9140001085068,株式会社共同物産,兵庫県,淡路市,志筑３１１２番地１４,6562131
9140001085076,幸盛海運株式会社,兵庫県,淡路市,佐野６０８番地の１,6562212
9140001085084,正司石油株式会社,兵庫県,淡路市,志筑３３５２番地,6562131
9140001085092,株式会社ショーゼン,兵庫県,淡路市,木曽下１６２番地の３,6562154
9140001085101,第壱瓦興業株式会社,兵庫県,淡路市,木曽上７８番地の１,6562152
9140001085118,株式会社津名ショッピングセンター,兵庫県,淡路市,志筑１３８１番地３,6562131
9140001085126,株式会社津名ゴルフセンター,兵庫県,淡路市,志筑１２７６番地の４,6562131
9140001085134,株式会社淡路お菓子館,兵庫県,淡路市,志筑新島８番地の１０,6562132
9140001085142,楠昌販売株式会社,兵庫県,淡路市,志筑８８５番地の１,6562131
9140001085150,原田鉄工株式会社,兵庫県,淡路市,里２２４番地の３,6562143
9140001085159,福徳商事株式会社,兵庫県,淡路市,塩尾１９３番地の３,6562141
9140001085167,株式会社北栄,兵庫県,淡路市,志筑１３６２番地の５,6562131
9140001085175,牧野産業株式会社,兵庫県,淡路市,大町下６７５番地,6562156
9140001085183,ワールド相互株式会社,兵庫県,淡路市,中田４４番地の１,6562163
9140001085191,株式会社岩田建設,兵庫県,淡路市,江井２４２９番地の１,6561531
9140001085200,株式会社大杖呉服店,兵庫県,淡路市,郡家２８０番地,6561511
9140001085209,笹野酒造株式会社,兵庫県,淡路市,井手６０７番地の３,6561525
9140001085217,株式会社大喜,兵庫県,淡路市,江井２７７８番地の２,6561531
9140001085225,株式会社常盤,兵庫県,淡路市,尾崎９３０番地の３,6561501
9140001085241,株式会社ヤマグチ,兵庫県,淡路市,中村７２６番地の２,6561526
9140001085258,カネマサ水産株式会社,兵庫県,淡路市,大磯１５番地の３８,6562302
9140001085274,東淡興業株式会社,兵庫県,淡路市,下田９１番地,6562333
9140001085282,株式会社前田モータース,兵庫県,淡路市,久留麻２００１番地の１,6562311
9140001085299,上村建設株式会社,兵庫県,淡路市,野島蟇浦５９２番地の３,6561721
9140001085308,カワノ設備工業株式会社,兵庫県,淡路市,富島９１８番地３,6561711
9140001085332,浜田水産株式会社,兵庫県,淡路市,富島９３４番地の１,6561711
9140001085340,株式会社松下化学工業,兵庫県,淡路市,斗ノ内９９１番地の１,6561743
9140001085349,淡路運輸株式会社,兵庫県,淡路市,岩屋１７８３番地２,6562401
9140001085357,北淡路産業株式会社,兵庫県,淡路市,岩屋１４１４番地,6562401
9140001085365,株式会社関海事工業所,兵庫県,淡路市,生穂新島５番地７,6562225
9140001085381,株式会社ルートパブリックサポート,兵庫県,淡路市,富島字小倉山８７２番１０号,6561711
9140001085398,株式会社和光,兵庫県,淡路市,大磯１６番地１１,6562302
9140001085407,エポックホームズ株式会社,兵庫県,淡路市,志筑新島１０番地の４６,6562132
9140001085472,株式会社淡路紙料センター,兵庫県,淡路市,塩田新島２番地５,6562142
9140001086000,株式会社北洋海産,兵庫県,淡路市,佐野２５７３番地,6562212
9140001086108,楽天ファーム株式会社,兵庫県,淡路市,野島常盤４７７番地３,6561726
9140001086181,株式会社膳丸,兵庫県,淡路市,志筑１１７０番地１,6562131
9140001086207,武田建築株式会社,兵庫県,淡路市,郡家６１５番地の５,6561511
9140001086297,株式会社石のマルイシ,兵庫県,淡路市,浦１９９６番地１６,6562305
9140001086306,株式会社プラチナ,兵庫県,淡路市,志筑３８９番地１アーバンエルフ７−Ｄ,6562131
9140001086727,株式会社森水産,兵庫県,淡路市,久留麻２２０４番地１,6562311
9140001088368,株式会社ジェノバグリーンエナジー,兵庫県,淡路市,野島蟇浦８１１番地５,6561721
9140001089300,株式会社由海,兵庫県,淡路市,仮屋６３番地２,6562331
9140001090464,株式会社家もり,兵庫県,淡路市,舟木５５７−２８,6561734
9140001091693,株式会社丸番荷役運輸,兵庫県,淡路市,中田２７０１,6562163
9140001092766,株式会社ソラフネ,兵庫県,淡路市,大谷１７９７番地,6562224
9140001092972,株式会社リンクス,兵庫県,淡路市,江井２８３４番地,6561531
9140001094936,株式会社アクアファースト淡路,兵庫県,淡路市,斗ノ内１４１０番地４,6561743
9140001100454,株式会社ＳＡＭＳＡＲＡ,兵庫県,淡路市,江井６８２,6561531
9140001102624,ＡＡＰ・ＨＯＷＡ株式会社,兵庫県,淡路市,大磯２４番地３,6562302
9140001103903,ＴＲＩＳＥ株式会社,兵庫県,淡路市,江井２７７４番地１,6561531
9140001104224,株式会社畠田モータース,兵庫県,淡路市,楠本３２６番地２,6562301
9140001104364,株式会社ニジゲンノモリ,兵庫県,淡路市,岩屋９２４番地１,6562401
9140001105379,株式会社伊東健業,兵庫県,淡路市,中村１５１番地１,6561526
9140001107879,株式会社丸竹水産,兵庫県,淡路市,久留麻２２０５番地８,6562311
9140001109256,株式会社Ｉｎｆｉｎｉｔｅ　Ｒｉｓｅ,兵庫県,淡路市,志筑３３６０番地,6562131
9140001109289,株式会社ＳＬｍ,兵庫県,淡路市,大谷１７００番地,6562224
9140001110759,株式会社濱西商店,兵庫県,淡路市,育波２０８１番地２,6561602
9140001112193,株式会社赤松,兵庫県,淡路市,浦５５０番地４,6562305
9140001113407,株式会社Ｌ’Ｏｒｃｈｉｄｅｅ,兵庫県,淡路市,久留麻５４番地３,6562311
9140001118389,株式会社来田商店,兵庫県,淡路市,久留麻２３４１番地１,6562311
9140001120584,ハートスアグリフロンティア株式会社,兵庫県,淡路市,野島常盤６４６番地,6561726
9140001120980,禅株式会社,兵庫県,淡路市,久留麻５３番地３４,6562311
9140001122498,株式会社泡沫,兵庫県,淡路市,久留麻２１７８番地,6562311
9140001124065,株式会社パソナツーリズム,兵庫県,淡路市,岩屋２９４２番地２６,6562401
9140001125798,イザナギミート株式会社,兵庫県,淡路市,郡家１１６番地２,6561511
9140001131053,Ｏｌｆａｃｔｉｖｅ　Ｓｔｕｄｉｏ　Ｎｅ株式会社,兵庫県,淡路市,志筑３１９０番地,6562131
9140001131268,Ｌｅａｐｓ株式会社,兵庫県,淡路市,志筑２８４０番地２５光清ファーストビル２Ａ,6562131
9140001131383,株式会社グローバルプロジェクト,兵庫県,淡路市,南鵜崎１９９７番地８,6562307
9140001132150,ワールドファーム株式会社,兵庫県,淡路市,浦２４００番地２,6562305
9140001137348,新時代開発株式会社,兵庫県,淡路市,郡家１１３４−２６,6561511
9140001142034,株式会社Ｈ＆Ａ　Ｎｅｘｕｓ,兵庫県,淡路市,黒谷３９番地・４０番地合併の３,6561601
9140001142059,株式会社淡路島潜水,兵庫県,淡路市,志筑３５２３−２１シーサイド津名１０１,6562131
9140003010610,株式会社紫光技研,兵庫県,淡路市,浜１番８１号,6562304
9140005019476,北淡路肉牛株式会社,兵庫県,淡路市,楠本１１４４番地１,6562301
9160001018042,株式会社ハーベストファーム,兵庫県,淡路市,岩屋１８４６番地１,6562401
