ID,会社名,URL,カートシステム
30,和洋骨董あとりえ・むー,http://muu1977.com/,WooCommerce
302,(株)ブルーム・アンド・グロウ,http://www.bloom-grow.jp/,WooCommerce
365,はんしんかんDMO合同会社,http://soldout.jp/,WooCommerce
595,株式会社AOS,http://www.sc-aos.co.jp/,WooCommerce
624,就労センターワーク・キューブ,http://plants-cube.o.oo7.jp/,WooCommerce
646,etalagiste(エタラジスト),https://www.etalagiste.jp,WooCommerce
711,株式会社トリプルウィン,http://triplewin.co.jp,WooCommerce
890,Noble Tree Coffee Roasters（(株)Golden Ratio),http://nobletree.coffee,WooCommerce
410,株式会社アルタレーナ　（リオ）,http://www.ashiya-rio.jp/,Shopify
591,（株）かね徳,https://www.kanetoku.co.jp,Shopify
706,株式会社Lisa Lisa,http://lisalisa-jp.com,Shopify
736,井直商事株式会社,http://inaocorp.co.jp/,Shopify
9,パイの店　芦屋カロル,http://www.ashiya-carol.com/,カラーミーショップ
106,ワインガーデン・リブゴーシュ,http://rive-gauche-jp.com/,カラーミーショップ
488,PALMS RANGE108,http://www.palmsrange108.com/,カラーミーショップ
13,(株)いかりスーパーマーケット,http://www.ikarisuper.com/,EC-CUBE
16,ICL技術事務所,https://e-littlefield.com,EC-CUBE
41,(株)いかりスーパーマーケット　アンカーレット,http://www.ikarisuper.com/,EC-CUBE
56,(株)堀萬昭堂,http://www.horiman.co.jp/,楽天
116,(株)堀萬昭堂,http://www.horiman.co.jp/,楽天
222,マグナス(株),http://magnas.jp/,MakeShop
824,株式会社ブランティエ,https://www.brantier.co.jp,MakeShop
664,アロマデザイン芦屋,https://aroma-ashiya.jp/,BASE
722,株式会社　ビオソフィア（amasora),http://amasora.com,BASE
644,nature.（三輝工業株式会社）,https://marche-nature.com,STORES
11,芦有ドライブウェイ(株),http://www.royu.co.jp/,EC不明
14,(株)ミュゼオ,http://www.museo.co.jp/,EC不明
18,尼崎信用金庫 芦屋支店,http://www.amashin.co.jp/,EC不明
19,(株)イトー屋,http://ifoods.ne.jp/,EC不明
21,(株)イケダ不動産,http://www.i3333.com/,EC不明
23,(株)サン恵,http://ashiya-sanei.com/,EC不明
26,(株)三井住友銀行芦屋駅前支店,http://www.smbc.co.jp/,EC不明
29,西本建設(株),http://www.nishimoto.jp/,EC不明
33,株式会社アリス,http://www.alicetravel.co.jp/,EC不明
35,あめ婦,http://www.amefu.com/,EC不明
37,社会保険労務士法人　山内経営労務センター,http://www.sr-yamau.com/,EC不明
38,(株)ハナヤ勘兵衛,http://www.hanakan.com/,EC不明
40,(株)藤野工務店,http://www.fujino-house.co.jp/,EC不明
43,稲坂莫大小製造(株),http://www.inasaka.co.jp/,EC不明
47,株式会社シュゼット・ホールディングス,http://www.henri-charpentier.com/,EC不明
53,山口税理士事務所,http://www.kaikei-home.com/ashiya-zeirishi/,EC不明
57,久津那写真館,http://www.eonet.ne.jp/~kutsuna/,EC不明
59,(株)壷坂クリーニング工場,http://tsubosaka.com/,EC不明
63,(株)芦屋住宅販売,http://www.estect.com/,EC不明
65,(株)越智工務店,http://www.ochi-k.co.jp/,EC不明
69,(有)六甲味噌製造所,http://www.rokkomiso.co.jp/,EC不明
74,イース(株),http://www.yo-mo.jp/,EC不明
78,(株)ロータリービジネス,http://www.rotary-grp.co.jp/,EC不明
79,(株)あおやま菓匠,http://www.namagashi.com/,EC不明
80,コープ浜芦屋店,http://www.kobe.coop.or.jp/,EC不明
81,(株)近藤建設,http://kondokensetsu.com/,EC不明
90,(有)酵素科学研究所,http://fugenkouso.co.jp/,EC不明
91,コープ打出浜店,http://shop.coop-kobe.net/,EC不明
92,(株)ダイエー グルメシティ芦屋浜店,http://www.daiei.co.jp/index.php,EC不明
94,株式会社ダイエー,http://www.daiei.co.jp/index.php,EC不明
99,(株)大丸松坂屋百貨店 大丸芦屋店,http://www.daimaru.co.jp/ashiya/,EC不明
109,日本サロネーゼ(株),http://salone-ze.com/,EC不明
133,(有)芦屋写真室,https://www.ashiya-photo-studio.com/,EC不明
172,(有)きくや家具店,http://www.kikuya-kagu.co.jp/,EC不明
178,有限会社　川下石材店,http://www.kawashita-sekizai.com/,EC不明
187,(有)ティーワイ商事,http://www.ty-ashiya.co.jp/,EC不明
201,農事組合法人　ニード牧場,https://www.needfarm.jp/,EC不明
223,(株)ポケット,http://pocketjp.com/,EC不明
228,クレリ芦屋ホール,http://www.ashiya.cleri-net.or.jp/,EC不明
230,(株)バルビス,http://www.balbis.co.jp/,EC不明
232,(株)阪神補聴器センター芦屋店,http://hanshinhochouki.net/,EC不明
234,一般社団法人芦屋国際ローンテニスクラブ,http://ashiyalawn.com/,EC不明
236,ギャラリー篝火,http://s-kagaribi.jp/gallery/,EC不明
238,(有)ビゴ,http://www.bigot.co.jp/,EC不明
239,(株)リュリュ,http://ryu-ryu.com/,EC不明
247,東海東京証券㈱芦屋支店,http://www.ace-sec.co.jp/,EC不明
248,あしや喜楽苑,http://www.kirakuen.or.jp/jigyo/ashiya/,EC不明
259,三井住友信託銀行(株)芦屋支店,http://www.smbc.co.jp/,EC不明
261,(株)コバック,http://www.paint-kobac.com/,EC不明
262,南芦屋浜病院,http://s-ashiyahama-hp.or.jp/,EC不明
270,やまとラーメン香雲堂 芦屋店,http://www.yamato-ramen.com/,EC不明
272,(資)東洋ランドリー,http://www.toyo-ld.com/,EC不明
280,(株)ナカムラ・コーポレーション,https://www.muku-flooring.com/,EC不明
284,きらくえん倶楽部　大桝町,http://www.kirakuen.or.jp/,EC不明
286,(有)多田(ペットケア&ホテルクララ),http://clara-petcare.com/,EC不明
293,(有)DTP base camp,http://www.dtpbase.camp/,EC不明
295,一般社団法人芦屋カンツリー倶楽部,http://www.ashiya-cc.or.jp/,EC不明
304,COM(コム)ランゲージスクール,http://www.comlanguageschool.com/,EC不明
307,?川税理士事務所,http://www.semikawa.jp/,EC不明
317,社会福祉法人　芦屋みどり福祉会,http://www.ashiyamidori.com/,EC不明
319,(株)芦屋人,https://www.ashiya-people.com/,EC不明
320,(有)未来設計,http://www.miraisekkei.com/,EC不明
333,公益社団法人　芦屋納税協会,http://www.nk-net.co.jp/asiya/,EC不明
334,社会福祉法人　三田谷治療教育院,http://www.ashiya-shakyo.com/,EC不明
336,江戸前すし　竹,http://www.edomaesushi-take.com/,EC不明
339,学校法人大前学園,http://www.kouei.ed.jp/,EC不明
342,DOG Studio Jimmy's,http://jimmys1028.com/,EC不明
345,(株)アシスト芦屋,http://assist-ashiya.com/,EC不明
346,花田宏造税理士事務所,http://www.hanada-taxoffice.com/,EC不明
348,(株)スタジオ・コア,http://www.studio-koa.jp/,EC不明
350,第一熱研(株),http://www.daiichinekken.co.jp/,EC不明
351,太陽築炉工業株式会社,http://www.taiyochikuro.jp/,EC不明
354,税理士法人河田タックスマネジメント,http://tkc-nf.com/kawata-kaikei/,EC不明
359,(株)Ｏｈ不動産,http://www.ohfudousan.com/,EC不明
360,株式会社池田泉州銀行芦屋支店,http://www.sihd-bk.jp/,EC不明
361,くるみ法律事務所,http://kurumi-law.com/,EC不明
373,(株)ワイ・エム・エム,http://www.shellkit.co.jp/,EC不明
375,(有)エノキ工芸,http://www.enokikougei.com/,EC不明
377,Chez vous（シェヴー）,http://ashiya-chezvous.com/,EC不明
381,(株)オルヴィス,http://www.orvice.co.jp/,EC不明
383,ＣＡＳＡ　ＤＥＣＯＲＡＴＩＯＮ(カーサデコラシオン）,http://www.casa-deco.com/,EC不明
386,ぺんぎん会計事務所,http://www.penguin-tax.com/,EC不明
388,しげむら整骨院,http://www.shigemura-s.com/,EC不明
389,かごの屋（(株)ＫＲフードサービス）,http://kagonoya.food-kr.com/,EC不明
391,(株)コウベ・プレシアス・パール,http://kobepp.com/,EC不明
393,芦屋東山郵便局,http://www.post.japanpost.jp/index.html,EC不明
401,天佑鍼灸院,http://497034.jp/index.php,EC不明
409,ＡＩＬＡ,http://aila-japan.com/,EC不明
411,(株)モスビュー,http://mosbeau.co.jp/,EC不明
412,㈲セイヴァ,http://www.saver-konkan.com/,EC不明
415,タシカ株式会社,http://www.tashika.co.jp/,EC不明
417,日本郵便(株)　芦屋郵便局,http://www.post.japanpost.jp/index.html,EC不明
418,(株)ホッタテクノサービス,http://hottatechnoservice.com/,EC不明
420,兵庫太和税理士法人　加古川営業所,http://www.hyogo-taiwa.com/,EC不明
423,(株)ダンスオブハーツエデュケーション,http://www.dance-of-hearts.com/,EC不明
424,(株)佑宜（有基塾）,http://www.yu-kijuku.jp/,EC不明
426,Ｊ・ブリエ,https://jbriller.jp,EC不明
430,大和証券(株)神戸支店 芦屋営業所,http://www.daiwa.jp/,EC不明
443,株式会社メインステージ,http://www.main-stage.co.jp/,EC不明
446,ナードフーズ株式会社(レゾセアンドールソンプランデクラ）,http://www.lesoceansdor.jp/,EC不明
450,宗教法人　芦屋神社,http://www.ashiyajinja.or.jp/,EC不明
451,(有)イー・オフィス,http://www.e-office-sio.co.jp/,EC不明
454,BOTTEGA Y. （ボッテガ ワイ）,http://www.bottegablue.com/,EC不明
456,(株)ジェーデザイン社,http://www.jllll-design.co.jp/,EC不明
458,つちかわ行政書士事務所,http://office-tsuchikawa.jp/,EC不明
460,株式会社充理塾,http://www.midorijuku.co.jp/,EC不明
462,株式会社アトリエフルタ建築研究所,http://atelier-furuta.com/,EC不明
468,スパッツィオ・イノ,http://www.spazioinno.com/,EC不明
473,(株)エムズプランニングオフィス,http://www.msp-office.com/,EC不明
480,神戸トヨペット(株),http://www.kobetoyopet.com/,EC不明
482,(株)チョコヴィック・ジャパン,http://www.chocovic.co.jp/,EC不明
484,松下木材株式会社（Jクオリア）,http://www.j-qualia.jp/,EC不明
485,mokono,http://www.mokono.info/,EC不明
487,(株)YSE International School(ワイエスイーインターナショナルスクール),http://www.yse-edu.net/,EC不明
489,町田公認会計士事務所,http://machida-cpa-office.tkcnf.com/,EC不明
490,福祉法人千種会　複合型有料老人ホーム　Les芦屋,http://www.chikusakai.jp/,EC不明
510,La　遇　（ラグウ）,http://www.ashiya-lagu.com/,EC不明
511,芦屋サポートセンター,http://ashiya.co/,EC不明
514,（株）Mamantre(ママントレ）,http://mamantre.com/,EC不明
517,バルネット,http://www.barnet.jp/,EC不明
524,株式会社エー・アイ・クリエイション,http://taniguchi-ai.com/,EC不明
526,株式会社　グリーンテリア,http://www.greenterior.jp/,EC不明
527,神戸CATシステムズ株式会社,http://www.k-cat.co.jp/,EC不明
531,エソラワークス,http://www.esoraworks.com/,EC不明
533,シェリー・エトワール,http://shelly-etoile.com/,EC不明
534,(株)経営とデザイン,http://www.management-design.co.jp/,EC不明
544,杉島総合法律事務所,http://sugishima-law.com/,EC不明
551,芦屋パートナー司法書士・行政書士事務所,http://i-kaisha-setsuritsu.com/,EC不明
568,株式会社　Brunton　(ブラントン),https://office-brunton.com/,EC不明
580,a New Moon(アニュームーン),http://anewmoon2015.com/,EC不明
581,茶人　CHABITO(チャビト),http://www.chabito.com,EC不明
587,（株）笠谷工務店,https://www.kasatani.jp/,EC不明
588,株式会社ロジケア,http://logicare.blog.jp/,EC不明
592,株式会社レイコーポレーションジャパン,http://raycorporation.net/,EC不明
594,有限会社　ななくる,http://nanakuru.com,EC不明
596,アイザワ証券株式会社　芦屋支店,http://www.aizawa.co.jp,EC不明
600,潮芦屋温泉スパ水春,http://suisyun.jp,EC不明
601,株式会社エムオー産業,http://www.mosangyo.com,EC不明
602,オフィス・ハザード,http://www.hzd.jp,EC不明
603,家事代行まごころ,http://kajidaikoumagokoro.web.fc2.com/,EC不明
604,株式会社Gripro(グリプロ),http://www.gripro.com,EC不明
606,株式会社mapB,http://www.work-and-place.com,EC不明
610,㈱原口電設,http://harad.co.jp/,EC不明
612,(株)サロンドシックデザインワークス,http://www.salonde-chic.com/,EC不明
615,㈲西神住建,http://www.seishinjyuken.jp,EC不明
616,アトリエ三体夢,https://atorie-3time.com/,EC不明
618,(株)HOSOYA,http://www.hosoya-t.co.jp/,EC不明
619,円笑(株)（エレファントリング）,https://elephant-ring.com/,EC不明
623,JCRファーマ(株),http://www.jcrpharm.co.jp/,EC不明
626,イチイ合資会社,https://ichii-and-co.shopinfo.jp/,EC不明
627,ヒーリングアーツあまら,https://www.healingamala.com/,EC不明
629,芦屋本通り法律事務所,https://www.ashiyahondori.com/,EC不明
630,㈱Oru,http://oru-design.com,EC不明
631,芦屋縁,http://ashiyaen.jp,EC不明
637,(株)インシュアランスサービス,http://www.inss.jp/,EC不明
640,弁護士法人ニューステージ,https://www.st-law.gr.jp/profile/,EC不明
642,はりきゅう　はまだ三禄堂,http://hamadamirokudou.com/,EC不明
645,株式会社　ZONE,http://zonegym.jp ,EC不明
650,Cielo Azul(シエロアスール),http://cielo-azul515.net,EC不明
656,高橋孝司社会保険労務士事務所,https://www.a-sr.jp,EC不明
659,公益財団法人 木口福祉財団,http://kiguchi.or.jp,EC不明
662,(株)シックス,http://six6.jp,EC不明
663,芦誠堂,http://roseido.com,EC不明
666,株式会社　髙翔,https://takasho.net,EC不明
668,株式会社FIBLE,http://ashiya-wasou.com,EC不明
669,総合調査事務所ビットリサーチ,http://www.bit-research.com,EC不明
670,株式会社まほろば,https://design.mahoroba.co.jp/,EC不明
676,合同会社ミユキデリカ,https://www.miyuki-delica.com,EC不明
677,ペットトータルケアKabs,https://pet-totalcarekabs.jimdofree.com/,EC不明
680,風天,https://www.torigoya-footen.com/,EC不明
681,Sieg Design(ジークデザイン),http://www.sieg-design.com,EC不明
682,アサヤン企画,https://video.asayan.biz/,EC不明
683,yoshida pottery,https://www.yoshidapottery.com,EC不明
685,naturally(ナチュラリー）,https://www.m-naturally.com/,EC不明
688,NTSリユース芦屋,http://nts-ashiya.com,EC不明
689,有限会社エスパリエ,http://1tokkun.jp,EC不明
690,コンディショニングスタジオReinette,https://www.shimizumiyako.com,EC不明
692,KOBEティアラ Tomoka manner Salon,https://www.kobetiara.com,EC不明
695,合同会社はるかぜ,https://training-harukaze.com/,EC不明
696,株式会社ＵＧＡ,https://indoor-uga-golf.com,EC不明
699,二宮鍼灸院,https://ninolabo.jp,EC不明
700,株式会社ブランカ,http://www.e-blanca.co.jp/,EC不明
702,株式会社BHL,https://www.bhlashiya.com/,EC不明
714,アトリエクロエ,http://chloe-ashiya.com/,EC不明
723,KINE,http://www.kine3.com/,EC不明
724,株式会社　M・ALL,http://www.choukoku-lymph.com,EC不明
728,アン・シェル株式会社,http://www.an-en-ciel.com,EC不明
730,芦屋西山郵便局,http://www.post.japanpost.jp/,EC不明
734,グルーヴィーディッシュ　グラス,http://ashiyagrass.com,EC不明
735,（有）デザインステーションキキ,https://dskiki.co.jp/,EC不明
738,芦屋ファミリア株式会社,http://www.ashiya-city.jp,EC不明
739,ベルビーバンク,http://markjean.jp,EC不明
740,WellnessSalonPeony（ウェルネスサロンピオニー）,http://peony73.com,EC不明
741,DAF株式会社,http://www.japan-europe-classics-festival.com,EC不明
742,株式会社AGW　TECHNOLOGY　JAPAN,http://agw-technology.com,EC不明
752,株式会社FREEBE,http://freebe.jp,EC不明
755,ディグダグズ株式会社,https://digdugz.com,EC不明
756,AKIRA　ART　ROOM(アキラアートルーム）,http://akiraartroom.com,EC不明
759,株式会社　花田設計事務所,http://www.hanada-sekkei.co.jp,EC不明
763,芦屋みゅーず,http://www.rietakahashi.info,EC不明
777,為岡緑地建設株式会社,http://www.tameoka.co.jp/index.html,EC不明
799,芦屋さくら司法書士事務所,https://ashiya-sakura.com/,EC不明
910,美容発毛ラボ芦屋（EN整体院）,https://enseitaiinn.com/#menu,EC不明
937,ニード牧場,https://www.needfarm.jp/,EC不明
964,特定非営利活動法人　阪神ユナイテッド,http://six6.jp,EC不明
972,FIVES,https://fives-consulting.com/,EC不明
27,(株)みなと銀行芦屋駅前支店,http://www.minatobk.co.jp/,アクセス不可
58,田中金盛堂,https://teyaki-senbei.jp/,アクセス不可
107,(株)ラパス,http://www.ashiya-lapaz.com/,アクセス不可
137,芦屋福音教会,http://www.ashiyagospel.or.jp/,アクセス不可
154,芦屋軒,http://www.kcc.zaq.ne.jp/ashiyaken/,アクセス不可
156,魚利「まかない亭,http://www.ashiya-people.com/shops/uotoshi/,アクセス不可
197,(株)田中博商店,http://tanakahiroshi-jp.com/,アクセス不可
225,木下建設(株),http://kinoshita-k-k.jp/,アクセス不可
233,(株)ギャラリーあしや,http://g-ashiya.com/,アクセス不可
245,芦屋ゾーヌ(株),http://www.ashiyazone.co.jp/,アクセス不可
264,(株)プレスティージ,http://prestige-japan.jp/,アクセス不可
268,(公財)日本電信電話ユーザ協会　兵庫支部,http://www.pi.jtua.or.jp/hyogo/,アクセス不可
281,株式会社 大近,http://pantry-lucky.com/shop-info/shop-h06.html,アクセス不可
289,七田式芦屋教室,https://www.shichida.jp/hyogo-ashiya/,アクセス不可
292,芦屋整体院,http://www.jttk.zaq.ne.jp/ashiyaseitaiin/,アクセス不可
294,玉井(有)(Marty),http://www.tamai.co/,アクセス不可
322,パワーレックス(株),http://www.pwx.jp/,アクセス不可
335,コバヤシルーフ(株),http://www.kobayashiroof.co.jp/,アクセス不可
358,(株)キャミオ,http://camiot-japan.com/,アクセス不可
390,(株)関西みらい銀行　芦屋支店,http://www.kansaiurban.co.jp/,アクセス不可
414,Cecile,http://cecile-ashiya.com/,アクセス不可
427,芦屋法律事務所,http://www5.plala.or.jp/lonagaki/,アクセス不可
436,(株)但馬銀行芦屋北支店,https://www.tajimabank.co.jp/,アクセス不可
444,FMネットワーク・エンタープライズ(株),https://u-fmnet.jp/,アクセス不可
445,たちばな行政書士事務所,http://tachibana-office.jimdo.com/,アクセス不可
447,アドヴァリュー社会保険労務士事務所,http://www.office-addvalue.com/,アクセス不可
448,(株)内外同治館,http://kenroku.hp.gogo.jp/pc/,アクセス不可
463,ＣＨＩ-Ｉ-ＮＡ,http://www.wisesmart.net/chiina/,アクセス不可
472,ティンカーベル芦屋,http://www.eonet.ne.jp/~tinker-bell-mn/,アクセス不可
483,(株)RAINBOW DREAM（レインボードリーム）,http://www.rainbowdreamhp.com/,アクセス不可
522,株式会社　THE HERBS,http://the-herbs.com/,アクセス不可
523,芦屋国際特許事務所,https://www.ashiyapat.jp/,アクセス不可
528,gram＋（グラム）,http://gram-hairdesign.com/,アクセス不可
536,日光化成(株)コモプリュスリビング,http://www.commoplus-kitchen.com/,アクセス不可
586,濱崎税理士事務所,http://hamasaki-tax-accountant.com,アクセス不可
598,パイラップ行政書士事務所,https://pile-up.com,アクセス不可
608,ALMARZA(アルマーザ),http://www.almarza-ashiya.com/,アクセス不可
611,心優合同会社 すみれケアサポート,http://shinyu-sumire.moo.jp/,アクセス不可
613,LABO Cocolo,https://kokoronotomo-y.jimdo.com/,アクセス不可
617,オオトリ経営事務所,http://ohtorix.web.fc2.com/,アクセス不可
620,(株)Re Loop(リループ),https://reloop-home.com/,アクセス不可
648,株式会社Marina Silva,https://www.marina-silva.co.jp,アクセス不可
657,(株)RL(アールエル),http://ｒｌ-kobe.com,アクセス不可
667,Kahala株式会社,http://www.kahala-asiya.com/,アクセス不可
686,芦屋総合企画,https://www.ashiyasougoukikaku.com,アクセス不可
694,flower zakka Syrup,http://www.flower-zakka-syrup.com,アクセス不可
701,ADAN hot & beauty,http://www.ashiya-adan.com/,アクセス不可
719,株式会社オーリーコーポレーション,http://www.ory-mumic.com,アクセス不可
727,アトリエひまわりとてんとう虫　フローリストひまわり,http://himawari87.com,アクセス不可
729,株式会社The Music Center Japan,http://www.tmcj.jp/,アクセス不可
748,lien（リアン）,http://codepro.work,アクセス不可
761,株式会社SCB,http://herbindoll-scb.jp/sp/,アクセス不可
762,合同会社芦屋ジャズイットアップ,http://www.jazzitup.co.jp,アクセス不可
1076,徳田社会保険労務士事務所,https://sr-tokuda.com/,アクセス不可
