ID,会社名,URL
9,パイの店　芦屋カロル,http://www.ashiya-carol.com/
11,芦有ドライブウェイ(株),http://www.royu.co.jp/
13,(株)いかりスーパーマーケット,http://www.ikarisuper.com/
14,(株)ミュゼオ,http://www.museo.co.jp/
16,ICL技術事務所,https://e-littlefield.com
18,尼崎信用金庫 芦屋支店,http://www.amashin.co.jp/
19,(株)イトー屋,http://ifoods.ne.jp/
21,(株)イケダ不動産,http://www.i3333.com/
23,(株)サン恵,http://ashiya-sanei.com/
26,(株)三井住友銀行芦屋駅前支店,http://www.smbc.co.jp/
27,(株)みなと銀行芦屋駅前支店,http://www.minatobk.co.jp/
29,西本建設(株),http://www.nishimoto.jp/
30,和洋骨董あとりえ・むー,http://muu1977.com/
33,株式会社アリス,http://www.alicetravel.co.jp/
35,あめ婦,http://www.amefu.com/
37,社会保険労務士法人　山内経営労務センター,http://www.sr-yamau.com/
38,(株)ハナヤ勘兵衛,http://www.hanakan.com/
40,(株)藤野工務店,http://www.fujino-house.co.jp/
41,(株)いかりスーパーマーケット　アンカーレット,http://www.ikarisuper.com/
43,稲坂莫大小製造(株),http://www.inasaka.co.jp/
47,株式会社シュゼット・ホールディングス,http://www.henri-charpentier.com/
53,山口税理士事務所,http://www.kaikei-home.com/ashiya-zeirishi/
56,(株)堀萬昭堂,http://www.horiman.co.jp/
57,久津那写真館,http://www.eonet.ne.jp/~kutsuna/
58,田中金盛堂,https://teyaki-senbei.jp/
59,(株)壷坂クリーニング工場,http://tsubosaka.com/
63,(株)芦屋住宅販売,http://www.estect.com/
65,(株)越智工務店,http://www.ochi-k.co.jp/
69,(有)六甲味噌製造所,http://www.rokkomiso.co.jp/
74,イース(株),http://www.yo-mo.jp/
78,(株)ロータリービジネス,http://www.rotary-grp.co.jp/
79,(株)あおやま菓匠,http://www.namagashi.com/
80,コープ浜芦屋店,http://www.kobe.coop.or.jp/
81,(株)近藤建設,http://kondokensetsu.com/
90,(有)酵素科学研究所,http://fugenkouso.co.jp/
91,コープ打出浜店,http://shop.coop-kobe.net/
92,(株)ダイエー グルメシティ芦屋浜店,http://www.daiei.co.jp/index.php
94,株式会社ダイエー,http://www.daiei.co.jp/index.php
99,(株)大丸松坂屋百貨店 大丸芦屋店,http://www.daimaru.co.jp/ashiya/
106,ワインガーデン・リブゴーシュ,http://rive-gauche-jp.com/
107,(株)ラパス,http://www.ashiya-lapaz.com/
109,日本サロネーゼ(株),http://salone-ze.com/
116,(株)堀萬昭堂,http://www.horiman.co.jp/
133,(有)芦屋写真室,https://www.ashiya-photo-studio.com/
137,芦屋福音教会,http://www.ashiyagospel.or.jp/
154,芦屋軒,http://www.kcc.zaq.ne.jp/ashiyaken/
156,魚利「まかない亭,http://www.ashiya-people.com/shops/uotoshi/
172,(有)きくや家具店,http://www.kikuya-kagu.co.jp/
178,有限会社　川下石材店,http://www.kawashita-sekizai.com/
187,(有)ティーワイ商事,http://www.ty-ashiya.co.jp/
197,(株)田中博商店,http://tanakahiroshi-jp.com/
201,農事組合法人　ニード牧場,https://www.needfarm.jp/
222,マグナス(株),http://magnas.jp/
223,(株)ポケット,http://pocketjp.com/
225,木下建設(株),http://kinoshita-k-k.jp/
228,クレリ芦屋ホール,http://www.ashiya.cleri-net.or.jp/
230,(株)バルビス,http://www.balbis.co.jp/
232,(株)阪神補聴器センター芦屋店,http://hanshinhochouki.net/
233,(株)ギャラリーあしや,http://g-ashiya.com/
234,一般社団法人芦屋国際ローンテニスクラブ,http://ashiyalawn.com/
236,ギャラリー篝火,http://s-kagaribi.jp/gallery/
238,(有)ビゴ,http://www.bigot.co.jp/
239,(株)リュリュ,http://ryu-ryu.com/
245,芦屋ゾーヌ(株),http://www.ashiyazone.co.jp/
247,東海東京証券㈱芦屋支店,http://www.ace-sec.co.jp/
248,あしや喜楽苑,http://www.kirakuen.or.jp/jigyo/ashiya/
259,三井住友信託銀行(株)芦屋支店,http://www.smbc.co.jp/
261,(株)コバック,http://www.paint-kobac.com/
262,南芦屋浜病院,http://s-ashiyahama-hp.or.jp/
264,(株)プレスティージ,http://prestige-japan.jp/
268,(公財)日本電信電話ユーザ協会　兵庫支部,http://www.pi.jtua.or.jp/hyogo/
270,やまとラーメン香雲堂 芦屋店,http://www.yamato-ramen.com/
272,(資)東洋ランドリー,http://www.toyo-ld.com/
280,(株)ナカムラ・コーポレーション,https://www.muku-flooring.com/
281,株式会社 大近,http://pantry-lucky.com/shop-info/shop-h06.html
284,きらくえん倶楽部　大桝町,http://www.kirakuen.or.jp/
286,(有)多田(ペットケア&ホテルクララ),http://clara-petcare.com/
289,七田式芦屋教室,https://www.shichida.jp/hyogo-ashiya/
292,芦屋整体院,http://www.jttk.zaq.ne.jp/ashiyaseitaiin/
293,(有)DTP base camp,http://www.dtpbase.camp/
294,玉井(有)(Marty),http://www.tamai.co/
295,一般社団法人芦屋カンツリー倶楽部,http://www.ashiya-cc.or.jp/
302,(株)ブルーム・アンド・グロウ,http://www.bloom-grow.jp/
304,COM(コム)ランゲージスクール,http://www.comlanguageschool.com/
307,?川税理士事務所,http://www.semikawa.jp/
317,社会福祉法人　芦屋みどり福祉会,http://www.ashiyamidori.com/
319,(株)芦屋人,https://www.ashiya-people.com/
320,(有)未来設計,http://www.miraisekkei.com/
322,パワーレックス(株),http://www.pwx.jp/
333,公益社団法人　芦屋納税協会,http://www.nk-net.co.jp/asiya/
334,社会福祉法人　三田谷治療教育院,http://www.ashiya-shakyo.com/
335,コバヤシルーフ(株),http://www.kobayashiroof.co.jp/
336,江戸前すし　竹,http://www.edomaesushi-take.com/
339,学校法人大前学園,http://www.kouei.ed.jp/
342,DOG Studio Jimmy's,http://jimmys1028.com/
345,(株)アシスト芦屋,http://assist-ashiya.com/
346,花田宏造税理士事務所,http://www.hanada-taxoffice.com/
348,(株)スタジオ・コア,http://www.studio-koa.jp/
350,第一熱研(株),http://www.daiichinekken.co.jp/
351,太陽築炉工業株式会社,http://www.taiyochikuro.jp/
354,税理士法人河田タックスマネジメント,http://tkc-nf.com/kawata-kaikei/
358,(株)キャミオ,http://camiot-japan.com/
359,(株)Ｏｈ不動産,http://www.ohfudousan.com/
360,株式会社池田泉州銀行芦屋支店,http://www.sihd-bk.jp/
361,くるみ法律事務所,http://kurumi-law.com/
365,はんしんかんDMO合同会社,http://soldout.jp/
373,(株)ワイ・エム・エム,http://www.shellkit.co.jp/
375,(有)エノキ工芸,http://www.enokikougei.com/
377,Chez vous（シェヴー）,http://ashiya-chezvous.com/
381,(株)オルヴィス,http://www.orvice.co.jp/
383,ＣＡＳＡ　ＤＥＣＯＲＡＴＩＯＮ(カーサデコラシオン）,http://www.casa-deco.com/
386,ぺんぎん会計事務所,http://www.penguin-tax.com/
388,しげむら整骨院,http://www.shigemura-s.com/
389,かごの屋（(株)ＫＲフードサービス）,http://kagonoya.food-kr.com/
390,(株)関西みらい銀行　芦屋支店,http://www.kansaiurban.co.jp/
391,(株)コウベ・プレシアス・パール,http://kobepp.com/
393,芦屋東山郵便局,http://www.post.japanpost.jp/index.html
401,天佑鍼灸院,http://497034.jp/index.php
409,ＡＩＬＡ,http://aila-japan.com/
410,株式会社アルタレーナ　（リオ）,http://www.ashiya-rio.jp/
411,(株)モスビュー,http://mosbeau.co.jp/
412,㈲セイヴァ,http://www.saver-konkan.com/
414,Cecile,http://cecile-ashiya.com/
415,タシカ株式会社,http://www.tashika.co.jp/
417,日本郵便(株)　芦屋郵便局,http://www.post.japanpost.jp/index.html
418,(株)ホッタテクノサービス,http://hottatechnoservice.com/
420,兵庫太和税理士法人　加古川営業所,http://www.hyogo-taiwa.com/
423,(株)ダンスオブハーツエデュケーション,http://www.dance-of-hearts.com/
424,(株)佑宜（有基塾）,http://www.yu-kijuku.jp/
426,Ｊ・ブリエ,https://jbriller.jp
427,芦屋法律事務所,http://www5.plala.or.jp/lonagaki/
430,大和証券(株)神戸支店 芦屋営業所,http://www.daiwa.jp/
436,(株)但馬銀行芦屋北支店,https://www.tajimabank.co.jp/
443,株式会社メインステージ,http://www.main-stage.co.jp/
444,FMネットワーク・エンタープライズ(株),https://u-fmnet.jp/
445,たちばな行政書士事務所,http://tachibana-office.jimdo.com/
446,ナードフーズ株式会社(レゾセアンドールソンプランデクラ）,http://www.lesoceansdor.jp/
447,アドヴァリュー社会保険労務士事務所,http://www.office-addvalue.com/
448,(株)内外同治館,http://kenroku.hp.gogo.jp/pc/
450,宗教法人　芦屋神社,http://www.ashiyajinja.or.jp/
451,(有)イー・オフィス,http://www.e-office-sio.co.jp/
454,BOTTEGA Y. （ボッテガ ワイ）,http://www.bottegablue.com/
456,(株)ジェーデザイン社,http://www.jllll-design.co.jp/
458,つちかわ行政書士事務所,http://office-tsuchikawa.jp/
460,株式会社充理塾,http://www.midorijuku.co.jp/
462,株式会社アトリエフルタ建築研究所,http://atelier-furuta.com/
463,ＣＨＩ-Ｉ-ＮＡ,http://www.wisesmart.net/chiina/
468,スパッツィオ・イノ,http://www.spazioinno.com/
472,ティンカーベル芦屋,http://www.eonet.ne.jp/~tinker-bell-mn/
473,(株)エムズプランニングオフィス,http://www.msp-office.com/
480,神戸トヨペット(株),http://www.kobetoyopet.com/
482,(株)チョコヴィック・ジャパン,http://www.chocovic.co.jp/
483,(株)RAINBOW DREAM（レインボードリーム）,http://www.rainbowdreamhp.com/
484,松下木材株式会社（Jクオリア）,http://www.j-qualia.jp/
485,mokono,http://www.mokono.info/
487,(株)YSE International School(ワイエスイーインターナショナルスクール),http://www.yse-edu.net/
488,PALMS RANGE108,http://www.palmsrange108.com/
489,町田公認会計士事務所,http://machida-cpa-office.tkcnf.com/
490,福祉法人千種会　複合型有料老人ホーム　Les芦屋,http://www.chikusakai.jp/
510,La　遇　（ラグウ）,http://www.ashiya-lagu.com/
511,芦屋サポートセンター,http://ashiya.co/
514,（株）Mamantre(ママントレ）,http://mamantre.com/
517,バルネット,http://www.barnet.jp/
522,株式会社　THE HERBS,http://the-herbs.com/
523,芦屋国際特許事務所,https://www.ashiyapat.jp/
524,株式会社エー・アイ・クリエイション,http://taniguchi-ai.com/
526,株式会社　グリーンテリア,http://www.greenterior.jp/
527,神戸CATシステムズ株式会社,http://www.k-cat.co.jp/
528,gram＋（グラム）,http://gram-hairdesign.com/
531,エソラワークス,http://www.esoraworks.com/
533,シェリー・エトワール,http://shelly-etoile.com/
534,(株)経営とデザイン,http://www.management-design.co.jp/
536,日光化成(株)コモプリュスリビング,http://www.commoplus-kitchen.com/
544,杉島総合法律事務所,http://sugishima-law.com/
551,芦屋パートナー司法書士・行政書士事務所,http://i-kaisha-setsuritsu.com/
568,株式会社　Brunton　(ブラントン),https://office-brunton.com/
580,a New Moon(アニュームーン),http://anewmoon2015.com/
581,茶人　CHABITO(チャビト),http://www.chabito.com
586,濱崎税理士事務所,http://hamasaki-tax-accountant.com
587,（株）笠谷工務店,https://www.kasatani.jp/
588,株式会社ロジケア,http://logicare.blog.jp/
591,（株）かね徳,https://www.kanetoku.co.jp
592,株式会社レイコーポレーションジャパン,http://raycorporation.net/
594,有限会社　ななくる,http://nanakuru.com
595,株式会社AOS,http://www.sc-aos.co.jp/
596,アイザワ証券株式会社　芦屋支店,http://www.aizawa.co.jp
598,パイラップ行政書士事務所,https://pile-up.com
600,潮芦屋温泉スパ水春,http://suisyun.jp
601,株式会社エムオー産業,http://www.mosangyo.com
602,オフィス・ハザード,http://www.hzd.jp
603,家事代行まごころ,http://kajidaikoumagokoro.web.fc2.com/
604,株式会社Gripro(グリプロ),http://www.gripro.com
606,株式会社mapB,http://www.work-and-place.com
608,ALMARZA(アルマーザ),http://www.almarza-ashiya.com/
610,㈱原口電設,http://harad.co.jp/
611,心優合同会社 すみれケアサポート,http://shinyu-sumire.moo.jp/
612,(株)サロンドシックデザインワークス,http://www.salonde-chic.com/
613,LABO Cocolo,https://kokoronotomo-y.jimdo.com/
615,㈲西神住建,http://www.seishinjyuken.jp
616,アトリエ三体夢,https://atorie-3time.com/
617,オオトリ経営事務所,http://ohtorix.web.fc2.com/
618,(株)HOSOYA,http://www.hosoya-t.co.jp/
619,円笑(株)（エレファントリング）,https://elephant-ring.com/
620,(株)Re Loop(リループ),https://reloop-home.com/
623,JCRファーマ(株),http://www.jcrpharm.co.jp/
624,就労センターワーク・キューブ,http://plants-cube.o.oo7.jp/
626,イチイ合資会社,https://ichii-and-co.shopinfo.jp/
627,ヒーリングアーツあまら,https://www.healingamala.com/
629,芦屋本通り法律事務所,https://www.ashiyahondori.com/
630,㈱Oru,http://oru-design.com
631,芦屋縁,http://ashiyaen.jp
637,(株)インシュアランスサービス,http://www.inss.jp/
640,弁護士法人ニューステージ,https://www.st-law.gr.jp/profile/
642,はりきゅう　はまだ三禄堂,http://hamadamirokudou.com/
644,nature.（三輝工業株式会社）,https://marche-nature.com
645,株式会社　ZONE,http://zonegym.jp 
646,etalagiste(エタラジスト),https://www.etalagiste.jp
648,株式会社Marina Silva,https://www.marina-silva.co.jp
650,Cielo Azul(シエロアスール),http://cielo-azul515.net
656,高橋孝司社会保険労務士事務所,https://www.a-sr.jp
657,(株)RL(アールエル),http://ｒｌ-kobe.com
659,公益財団法人 木口福祉財団,http://kiguchi.or.jp
662,(株)シックス,http://six6.jp
663,芦誠堂,http://roseido.com
664,アロマデザイン芦屋,https://aroma-ashiya.jp/
666,株式会社　髙翔,https://takasho.net
667,Kahala株式会社,http://www.kahala-asiya.com/
668,株式会社FIBLE,http://ashiya-wasou.com
669,総合調査事務所ビットリサーチ,http://www.bit-research.com
670,株式会社まほろば,https://design.mahoroba.co.jp/
676,合同会社ミユキデリカ,https://www.miyuki-delica.com
677,ペットトータルケアKabs,https://pet-totalcarekabs.jimdofree.com/
680,風天,https://www.torigoya-footen.com/
681,Sieg Design(ジークデザイン),http://www.sieg-design.com
682,アサヤン企画,https://video.asayan.biz/
683,yoshida pottery,https://www.yoshidapottery.com
685,naturally(ナチュラリー）,https://www.m-naturally.com/
686,芦屋総合企画,https://www.ashiyasougoukikaku.com
688,NTSリユース芦屋,http://nts-ashiya.com
689,有限会社エスパリエ,http://1tokkun.jp
690,コンディショニングスタジオReinette,https://www.shimizumiyako.com
692,KOBEティアラ Tomoka manner Salon,https://www.kobetiara.com
694,flower zakka Syrup,http://www.flower-zakka-syrup.com
695,合同会社はるかぜ,https://training-harukaze.com/
696,株式会社ＵＧＡ,https://indoor-uga-golf.com
699,二宮鍼灸院,https://ninolabo.jp
700,株式会社ブランカ,http://www.e-blanca.co.jp/
701,ADAN hot & beauty,http://www.ashiya-adan.com/
702,株式会社BHL,https://www.bhlashiya.com/
706,株式会社Lisa Lisa,http://lisalisa-jp.com
711,株式会社トリプルウィン,http://triplewin.co.jp
714,アトリエクロエ,http://chloe-ashiya.com/
719,株式会社オーリーコーポレーション,http://www.ory-mumic.com
722,株式会社　ビオソフィア（amasora),http://amasora.com
723,KINE,http://www.kine3.com/
724,株式会社　M・ALL,http://www.choukoku-lymph.com
727,アトリエひまわりとてんとう虫　フローリストひまわり,http://himawari87.com
728,アン・シェル株式会社,http://www.an-en-ciel.com
729,株式会社The Music Center Japan,http://www.tmcj.jp/
730,芦屋西山郵便局,http://www.post.japanpost.jp/
734,グルーヴィーディッシュ　グラス,http://ashiyagrass.com
735,（有）デザインステーションキキ,https://dskiki.co.jp/
736,井直商事株式会社,http://inaocorp.co.jp/
738,芦屋ファミリア株式会社,http://www.ashiya-city.jp
739,ベルビーバンク,http://markjean.jp
740,WellnessSalonPeony（ウェルネスサロンピオニー）,http://peony73.com
741,DAF株式会社,http://www.japan-europe-classics-festival.com
742,株式会社AGW　TECHNOLOGY　JAPAN,http://agw-technology.com
748,lien（リアン）,http://codepro.work
752,株式会社FREEBE,http://freebe.jp
755,ディグダグズ株式会社,https://digdugz.com
756,AKIRA　ART　ROOM(アキラアートルーム）,http://akiraartroom.com
759,株式会社　花田設計事務所,http://www.hanada-sekkei.co.jp
761,株式会社SCB,http://herbindoll-scb.jp/sp/
762,合同会社芦屋ジャズイットアップ,http://www.jazzitup.co.jp
763,芦屋みゅーず,http://www.rietakahashi.info
777,為岡緑地建設株式会社,http://www.tameoka.co.jp/index.html
799,芦屋さくら司法書士事務所,https://ashiya-sakura.com/
824,株式会社ブランティエ,https://www.brantier.co.jp
890,Noble Tree Coffee Roasters（(株)Golden Ratio),http://nobletree.coffee
910,美容発毛ラボ芦屋（EN整体院）,https://enseitaiinn.com/#menu
937,ニード牧場,https://www.needfarm.jp/
964,特定非営利活動法人　阪神ユナイテッド,http://six6.jp
972,FIVES,https://fives-consulting.com/
1076,徳田社会保険労務士事務所,https://sr-tokuda.com/
