法人番号,会社名,都道府県,市区町村,番地,郵便番号,URL,カートシステム
1140001069788,日本アスコ株式会社,兵庫県,西宮市,高畑町１番２０号,6638202,https://www.ascojp.co.jp/,WooCommerce
2140001070646,山本環境整備株式会社,兵庫県,西宮市,鳴尾浜１丁目６番,6638142,http://yksg.co.jp/,WooCommerce
3140001068342,株式会社桂茶屋,兵庫県,西宮市,学文殿町１丁目２番１２号,6638182,http://kyusuikei.com/katsura-chaya/,WooCommerce
3140001069927,株式会社阪急橋本組,兵庫県,西宮市,松籟荘４番２２号,6620822,https://recruit.hashimotogumi.co.jp/,WooCommerce
3140001070455,丸二森本青果株式会社,兵庫県,西宮市,池田町６番１１号,6620911,https://www.sanwa-net.com/sanwa/super.html,WooCommerce
5140001072078,株式会社多聞漬本舗,兵庫県,西宮市,鳴尾浜３丁目７番地９,6638142,https://www.doishibazuke.co.jp/,WooCommerce
6120001123294,スポーツインテリジェンス株式会社,兵庫県,西宮市,甲子園六番町２番３０号,6638176,https://www.sports-i.com/,WooCommerce
6140001100291,株式会社坂本,兵庫県,西宮市,上甲子園１丁目２番５号,6638114,https://sakamoto-fg.jp/,WooCommerce
6140001130256,株式会社藤本商事,兵庫県,西宮市,羽衣町５番３６号,6620051,https://fujimoto-corp.com/,WooCommerce
7120001086219,株式会社ナチュラルネットワーク,兵庫県,西宮市,若松町２−４,6620035,https://naturalnetwork.co.jp/,WooCommerce
6140001071178,日本セラガラス販売株式会社,兵庫県,西宮市,甲子園口２丁目３番７号,6638113,https://shop.hariocorp.co.jp/,Shopify
7140001132929,株式会社大垣花店,兵庫県,西宮市,馬場町５番７号,6620915,https://ogaki-flower-onlineshop.net/,Shopify
8140001068016,株式会社ウェアリブ,兵庫県,西宮市,菊谷町１番１号,6620078,https://www.reliveshirts.com/,Shopify
9140001123513,本家嘉顯株式会社,兵庫県,西宮市,久出ケ谷町１番２３号,6620077,https://www.ippodo-tea.co.jp/,Shopify
2140001072155,株式会社オードレマン販売,兵庫県,西宮市,泉町１番１０８−１０１３号,6620932,https://www.eaudelemanshop.com/,カラーミーショップ
4140001135843,サザエセールス東日本株式会社,兵庫県,西宮市,上大市４丁目１７番１８号,6638003,https://www.sazae-shokuhin.com/company.html,カラーミーショップ
6140001068876,サザエセールス西日本株式会社,兵庫県,西宮市,上大市４丁目１７番１８号,6638003,https://www.sazae-shokuhin.com/company.html,カラーミーショップ
7140001072761,株式会社浪花物産,兵庫県,西宮市,高座町７番１号,6620872,https://naniwayaseika.co.jp/?mode=f1,カラーミーショップ
8140001070327,株式会社本庄商店,兵庫県,西宮市,田中町４番１５号,6620973,https://umeyoshi.com/,カラーミーショップ
4140001070578,株式会社モリ酒販,兵庫県,西宮市,西宮浜３丁目２６番,6620934,https://mori-onlineshop.com/,MakeShop
6140001071269,ヒノキ肌粧品神戸販売株式会社,兵庫県,西宮市,寿町４番２２号,6620047,https://www.hinokishinyaku.jp/,MakeShop
7140001069114,白石工芸株式会社,兵庫県,西宮市,大社町１２番１５−１０５号,6620867,https://siraisi.net/,MakeShop
3140001069984,早瀬食品株式会社,兵庫県,西宮市,戸田町６番１６号,6620916,https://www.hayase-tofu.com/profile.html,STORES
1080401021272,日本プランテック株式会社,兵庫県,西宮市,南郷町８番４−１０２号,6620038,https://plantec.co.jp/,EC不明
1120001094061,株式会社在宅健康管理センター,兵庫県,西宮市,甲子園三保町２番２７号,6638163,https://data-link-plus.com/jp/corporation/1120001094061,EC不明
1140001029783,株式会社Ｇネット,兵庫県,西宮市,今津二葉町３番１０号,6638228,https://g-net.co.jp/company,EC不明
1140001052273,株式会社シティーネット,兵庫県,西宮市,角石町２番１６号,6620096,https://www.citinet.jp/,EC不明
1140001068204,大澤本家酒造株式会社,兵庫県,西宮市,東町１丁目１３番２８号,6620922,http://ohsawasyuzo.com/index.html,EC不明
1140001068245,株式会社岡本木型製作所,兵庫県,西宮市,鳴尾浜１丁目６番３０号,6638142,https://www.okamotokigata.net/,EC不明
1140001068377,亀田武道具販売株式会社,兵庫県,西宮市,甲子園口３丁目２８番２２号,6638113,http://www.kameda-budogu.jp/,EC不明
1140001068492,株式会社協同食品センター,兵庫県,西宮市,鳴尾浜３丁目１７番地,6638142,https://kyoshoku-c.co.jp/,EC不明
1140001068674,株式会社甲東園マーケット,兵庫県,西宮市,甲東園１丁目１番６−３１２号,6620812,https://www.daiei.co.jp/stores/8513/,EC不明
1140001069086,夙川食品株式会社,兵庫県,西宮市,羽衣町１０番４１号,6620051,https://komantarebu.com/restaurant/index2.php?id=28a7l7EJ3L,EC不明
1140001069185,西部スポーツ工業株式会社,兵庫県,西宮市,瓦林町１２番８号,6638107,https://www.kensetumap.com/company/383730/profile.php,EC不明
1140001069474,株式会社塚本電気工業所,兵庫県,西宮市,笠屋町２３番８号,6638136,https://tsukaden.co.jp/,EC不明
1140001069656,株式会社ナカノファッションオフィス,兵庫県,西宮市,上ケ原山田町１−８−１００５,6620886,https://www.nakano-inter.co.jp/,EC不明
1140001069722,西田酒類販賣株式会社,兵庫県,西宮市,北口町１番１号ＡＣＴＡ西宮西館１０６,6638035,https://tabelog.com/hyogo/A2803/A280301/28033992/,EC不明
1140001069937,橋本長株式会社,兵庫県,西宮市,甲陽園本庄町６番５０−４８１号,6620015,https://www.hat.co.jp/,EC不明
1140001070003,阪神園芸株式会社,兵庫県,西宮市,甲子園浦風町１６番２４号,6638165,https://www.hanshinengei.co.jp/,EC不明
1140001070052,阪神友愛食品株式会社,兵庫県,西宮市,鳴尾浜３丁目１０番地１,6638142,https://hanshin-yuai.co.jp/,EC不明
1140001070143,株式会社ファーストフード・キンキ,兵庫県,西宮市,小松南町３丁目１番９号,6638124,https://www.first-kitchen.co.jp/,EC不明
1140001070275,株式会社ペットケアー,兵庫県,西宮市,本町８番１２号,6620914,http://petcare.sakura.ne.jp/,EC不明
1140001070333,本多石油株式会社,兵庫県,西宮市,若草町１丁目６４番地,6638181,https://map.idemitsu.com/b/a/info/0000020516/,EC不明
1140001070408,松本産業株式会社,兵庫県,西宮市,門戸荘７番１５号フラセ上田３階,6620825,http://www.matsumoto-sangyo.co.jp/,EC不明
1140001070647,山本建設株式会社,兵庫県,西宮市,櫨塚町２番１２号,6620854,https://yamamoto-kensetsu.co.jp/,EC不明
1140001071777,株式会社ランドネット,兵庫県,西宮市,高塚町１０番１号,6620066,https://landnet.co.jp/,EC不明
1140001071876,株式会社山本貢資商店,兵庫県,西宮市,山口町阪神流通センター１丁目１０７番地１,6511431,https://www.yamamotokoujishouten.co.jp/,EC不明
1140001071892,株式会社川本ピアノサービス,兵庫県,西宮市,西宮浜２丁目２１番地２,6620934,https://pianosougou.com/,EC不明
1140001073187,株式会社九枚笹本舗,兵庫県,西宮市,高松町３番３−１２０４号,6638204,https://data-link-plus.com/jp/corporation/1140001073187,EC不明
1140001073286,日本抗加齢研究所株式会社,兵庫県,西宮市,雲井町３番１３号,6620064,http://www.anti-aging.gr.jp/,EC不明
1140001073963,株式会社鈴与カーゴサービス西日本,兵庫県,西宮市,西宮浜１丁目２番地,6620934,https://www.suzuyo-scs.co.jp/base/26332/,EC不明
1140001074474,株式会社つばめ薬局,兵庫県,西宮市,市庭町７番１７号,6620975,https://tsubame-ph.co.jp/,EC不明
1140001099059,株式会社日本心理援助専門機構,兵庫県,西宮市,山口町上山口３丁目１５番３号,6511421,https://data-link-plus.com/jp/corporation/1140001099059,EC不明
1140001128602,株式会社関メディスポーツマネジメント,兵庫県,西宮市,甲子園七番町１０番１１号,6638177,http://www.kanmedi-baseball.com/,EC不明
1140001132091,川洋薬粧株式会社,兵庫県,西宮市,六湛寺町９番１０−３０１号,6620918,https://sen.jp/,EC不明
1140001134864,日本Ａ＆Ｄ　ＩＮＶＥＳＴＭＥＮＴ株式会社,兵庫県,西宮市,苦楽園四番町５番４９号,6620088,https://www.jaic-vc.co.jp/,EC不明
1260001029490,株式会社メグミルク宅配ネットワーク,兵庫県,西宮市,山口町阪神流通センター１丁目１０８番地,6511431,https://www.meg-snow.com/,EC不明
1360001015308,株式会社桜花ｐｈａｒｍａｃｙ,兵庫県,西宮市,二見町２番２６号,6638111,https://sakura-pharma.com/,EC不明
2140001067980,株式会社インテリアボーン,兵庫県,西宮市,津門宝津町６番１号,6638232,https://www.kensetumap.com/company/383986/profile.php,EC不明
2140001068938,三和住宅販売株式会社,兵庫県,西宮市,段上町６丁目２１番３４号,6638006,http://sanwa-jyutaku.com/,EC不明
2140001069184,株式会社ジャパン・ペットライフ,兵庫県,西宮市,高木東町３１番３３号,6638033,https://jppetlife.com/,EC不明
2140001069787,日本エアリネン株式会社,兵庫県,西宮市,西宮浜２丁目３１番地,6620934,https://linen-jp.com/airlinen/corporate/,EC不明
2140001069820,株式会社日本フルードシステム,兵庫県,西宮市,甲子園浦風町１３番１０号,6638165,https://oilwater.jp/,EC不明
2140001069894,株式会社日本総研,兵庫県,西宮市,常磐町１番２６号,6620043,https://www.jri.co.jp/,EC不明
2140001069960,株式会社花やしき,兵庫県,西宮市,甲子園口２丁目３番４号,6638113,https://www.hanayashiki.net/,EC不明
2140001070340,株式会社本馬建設,兵庫県,西宮市,西宮浜１丁目２１番２号,6620934,https://www.kensetumap.com/company/384659/profile.php,EC不明
2140001070357,前田食品株式会社,兵庫県,西宮市,西宮浜１丁目３６番地,6620934,https://maedashokuhin.co.jp/,EC不明
2140001070828,六陽製薬株式会社,兵庫県,西宮市,鳴尾浜１丁目６番６３号,6638142,https://sunpharma.com/usa/,EC不明
2140001071132,立花株式会社,兵庫県,西宮市,甲陽園西山町９番２６号,6620017,https://www.tachibana.co.jp/,EC不明
2140001071743,株式会社ティー・アンド・エス近畿販売,兵庫県,西宮市,霞町１番２６号,6620052,https://tands-luggage.jp/,EC不明
2140001071850,西日本工業株式会社,兵庫県,西宮市,戸崎町４番２０号,6638121,https://nishinihonkogyo.co.jp/,EC不明
2140001072130,株式会社システムフード,兵庫県,西宮市,高座町８番５３号,6620872,https://www.sys-food.com/,EC不明
2140001072923,ロティスフード株式会社,兵庫県,西宮市,上ケ原三番町１番３９−１０６号,6620893,https://www.krs.co.jp/,EC不明
2140001073186,株式会社茶利,兵庫県,西宮市,甲陽園西山町８番９号,6620017,https://chari.co.jp/about/,EC不明
2140001073748,日本開発株式会社,兵庫県,西宮市,西宮浜１丁目１０番地,6620934,https://nkaihatsu.com/,EC不明
2140001073822,株式会社スモールアックススポーツ,兵庫県,西宮市,仁川町３丁目１番９号,6620811,https://data-link-plus.com/jp/corporation/2140001073822,EC不明
2140001074705,株式会社四元フードサービス,兵庫県,西宮市,高松町１５番１５号フラッツ西宮１１０号,6638204,https://www.ohsho.co.jp/,EC不明
2140001074787,株式会社相生薬局,兵庫県,西宮市,甲陽園西山町１番５２号,6620017,https://www.aisei.co.jp/,EC不明
2140001080091,日本制動工業株式会社,兵庫県,西宮市,甲子園口１丁目４番１３号,6638113,https://www.nitron.jp/,EC不明
2140001089348,ＧＩＳソフトウェア株式会社,兵庫県,西宮市,津門大箇町５番４０−２０３号,6638243,https://www.esrij.com/,EC不明
2140001094604,新日本不動産管理株式会社,兵庫県,西宮市,分銅町４番８−５０４号,6620042,http://www.shinnihongroup.co.jp/business/fudousan/shinnihon-fudousan,EC不明
2140001097301,株式会社Ｔリース販売,兵庫県,西宮市,すみれ台１丁目１７番地４,6511432,https://www.rastabanana.com/,EC不明
2140001098745,株式会社スマイルネット,兵庫県,西宮市,今津二葉町３番１０号３Ｆ,6638228,http://www.smilenet-corp.jp/company/,EC不明
2140001099256,株式会社ふうりんネットワーク,兵庫県,西宮市,生瀬高台１８番１３号,6691111,https://www.fuurin-taxi.com/content3.html,EC不明
2140001099933,日本水道システム株式会社,兵庫県,西宮市,大屋町２１番２５号,6638106,http://nihon-suidou.co.jp/,EC不明
2140001101616,株式会社日本ＦＢＭコンサルティング,兵庫県,西宮市,苦楽園一番町８番１１号,6620083,https://jfbmc.co.jp/,EC不明
2140001108801,株式会社花未来健康研究所,兵庫県,西宮市,川東町１０番２０−４０７号,6620945,https://data-link-plus.com/jp/corporation/2140001108801,EC不明
2140001114519,株式会社秀花,兵庫県,西宮市,津門稲荷町１番２３号,6638247,https://www.kensetumap.com/company/600970/profile.php,EC不明
3011001122944,旭光製薬株式会社,兵庫県,西宮市,南郷町１２番３３号,6620038,https://www.asahi-kasei.com/,EC不明
3120001208247,日本トップビジネストラベル株式会社,兵庫県,西宮市,薬師町１番１６号,6638024,https://oa-top.co.jp/,EC不明
3120901002427,日本ディストリビューションサービス株式会社,兵庫県,西宮市,甲子園五番町１５番６号,6638175,https://www.jdserve.co.jp/,EC不明
3140001068243,岡本興産株式会社,兵庫県,西宮市,甲子園口３丁目２６番７号,6638113,https://www.okamotogroup.com/,EC不明
3140001068292,関西広告工芸株式会社,兵庫県,西宮市,松原町９番５号,6620912,https://www.kansaikoukoku.com/,EC不明
3140001068301,関西倉本運送株式会社,兵庫県,西宮市,西宮浜２丁目８番地,6620934,https://www.kuramoto-exp.co.jp/,EC不明
3140001068466,株式会社北本商店,兵庫県,西宮市,今在家町３番３号,6620972,https://www.kitamoto1998.co.jp/,EC不明
3140001068540,株式会社熊本建設,兵庫県,西宮市,愛宕山１３番２７号,6620871,https://www.kumamoto-j.info/,EC不明
3140001068838,酒井建設株式会社,兵庫県,西宮市,大畑町１０番１８号,6620836,https://www.sakai-kensetsu1925.co.jp/,EC不明
3140001068854,酒のナカノ株式会社,兵庫県,西宮市,林田町１番３号,6638014,https://www.nakanoshuzou.jp/en/,EC不明
3140001069043,シンメイ事務機販売株式会社,兵庫県,西宮市,鳴尾町３丁目２番８号,6638184,https://www.co-shinmei.com/,EC不明
3140001069068,松竹梅酒造株式会社,兵庫県,西宮市,浜町１３番１０号,6620942,https://www.takarashuzo.co.jp/products/seishu/shochikubai/,EC不明
3140001069662,株式会社中本リビングプロダクツ,兵庫県,西宮市,若草町２丁目４番７号,6638181,https://www.kensetumap.com/company/384350/profile.php,EC不明
3140001069786,株式会社日本アイ・アール,兵庫県,西宮市,西平町１番５号,6620093,https://www.nar-corp.com/,EC不明
3140001069803,日本スウェージロック株式会社,兵庫県,西宮市,鳴尾浜１丁目１番地１,6638142,https://www.japan.swagelok.com/,EC不明
3140001069811,日本庭園石材株式会社,兵庫県,西宮市,西宮浜２丁目４２番地,6620934,http://www.nihonteien.jp/,EC不明
3140001069869,日本盛株式会社,兵庫県,西宮市,用海町４番５７号,6620921,https://www.nihonsakari.co.jp/index.shtml,EC不明
3140001069902,株式会社野田ホンダ販売,兵庫県,西宮市,中須佐町１番６号,6620851,https://dealer.honda.co.jp/hondacars-nishinomiyachuo/company/,EC不明
3140001070439,株式会社マルゼン宮本酒店,兵庫県,西宮市,西波止町５番２５号,6620933,https://www.maruzen-kitchen.co.jp/company/jigyousyo/,EC不明
3140001070736,ワールド・ウォッチ販売株式会社,兵庫県,西宮市,高木東町１９番９号,6638033,https://world-wide-watch.jp/,EC不明
3140001070851,株式会社日本サクドリー,兵庫県,西宮市,上甲子園４丁目２番６号,6638114,http://www.sakudory.co.jp/,EC不明
3140001071189,クリネット株式会社,兵庫県,西宮市,室川町５番２５号,6620863,https://www.clinet.co.jp/index.html,EC不明
3140001071338,株式会社きんきギフト,兵庫県,西宮市,小松町２丁目５番１５号,6638127,https://www.kinki.coop/ef/,EC不明
3140001071602,株式会社ハウジングネットワーク,兵庫県,西宮市,松籟荘１１番１５号,6620822,https://www.housing-network.com/,EC不明
3140001071692,株式会社花,兵庫県,西宮市,松ケ丘町１０番９号,6620061,https://flowershop-hana.com/,EC不明
3140001071809,すみれ不動産販売株式会社,兵庫県,西宮市,今津曙町４番２４号,6638214,https://www.sumirefudosan.com/,EC不明
3140001072336,株式会社日本耐震システム,兵庫県,西宮市,神楽町５番５号,6620977,https://www.seishin-system.com/,EC不明
3140001072344,スウィート・ホーム不動産販売株式会社,兵庫県,西宮市,上甲子園４丁目１１番３４号,6638114,https://sweet-home.co.jp/,EC不明
3140001073706,株式会社健康生活,兵庫県,西宮市,高須町１丁目７−１２−８０２,6638141,http://www.kenkouseikatsu.co.jp/,EC不明
3140001074035,ベステック不動産販売株式会社,兵庫県,西宮市,下大市東町１７番８号,6638004,http://vestec.co.jp/,EC不明
3140001074514,株式会社花鳥風月,兵庫県,西宮市,山口町下山口４丁目１７番１９号,6511412,https://www.kachoufuugetsu.com/wp/%E6%A0%AA%E5%BC%8F%E4%BC%9A%E7%A4%BE%E8%8A%B1%E9%B3%A5%E9%A2%A8%E6%9C%88-company-profile/,EC不明
3140001090338,宮本地質株式会社,兵庫県,西宮市,高畑町１番３１号,6638202,https://miyamoto21.co.jp/company/about,EC不明
3140001090362,ビーンズ不動産販売株式会社,兵庫県,西宮市,甲子園一番町１１番１７号,6638171,https://www.beansreal.com/,EC不明
3140001121332,株式会社ファミリーストアオカダ,兵庫県,西宮市,青木町８番１０号,6620862,https://cnavi.g-search.or.jp/detail/3140001121332.html,EC不明
3140001142147,株式会社北本建設工業,兵庫県,西宮市,今津久寿川町８番３号,6638222,http://kitaken1970.com/,EC不明
4120001042868,株式会社熊谷本社,兵庫県,西宮市,松風町５番３,6620073,https://www.kumagai-co.com/,EC不明
4120001047941,株式会社モリアド工芸,兵庫県,西宮市,老松町６番２２号,6620085,http://moriad-signs.com/,EC不明
4120001144763,阪本製薬株式会社,兵庫県,西宮市,上甲子園２丁目３番１６号,6638114,https://sakampow.com/,EC不明
4120002069209,株式会社橋本エステート,兵庫県,西宮市,高座町３番２８号,6620872,https://houjin.goo.to/corporations/4120002069209/url,EC不明
4140001054358,株式会社クレオネット,兵庫県,西宮市,上大市４丁目６番２２号,6638003,https://www.creo-net.jp/,EC不明
4140001067946,株式会社イスズフード,兵庫県,西宮市,津門呉羽町２番４５号,6638245,https://x.com/isuzufoods,EC不明
4140001068168,エル・パセオ不動産販売株式会社,兵庫県,西宮市,戸田町２番２１号,6620916,https://www.elpaseo.co.jp/,EC不明
4140001068192,大阪山陽食品株式会社,兵庫県,西宮市,戸崎町４番１９号,6638121,https://sanyos.co.jp/,EC不明
4140001068309,株式会社関西ネット,兵庫県,西宮市,六湛寺町９番８号,6620918,https://www.k-medicalnet.co.jp/,EC不明
4140001068465,北本地所株式会社,兵庫県,西宮市,馬場町１番４号,6620915,https://www.mec-h.com/office/detail/D37,EC不明
4140001068754,光和薬品商事株式会社,兵庫県,西宮市,甲子園町６番２７号,6638152,https://kohwa-shoji.co.jp/,EC不明
4140001069034,新日本流通株式会社,兵庫県,西宮市,和上町６番１０号,6620971,https://snr6p.co.jp/,EC不明
4140001069406,株式会社多田アパレル,兵庫県,西宮市,鷲林寺１丁目３番３号,6620004,https://www.tada-beauty.co.jp/,EC不明
4140001069513,テス販売株式会社,兵庫県,西宮市,今在家町１番８号,6620972,https://mono.ipros.com/company/detail/2025751/,EC不明
4140001069637,株式会社中寿美花壇,兵庫県,西宮市,新甲陽町５番２号,6620013,http://nakasumikadan.com/,EC不明
4140001069661,中本産業株式会社,兵庫県,西宮市,甲子園九番町１４番１号,6638179,https://www.nakamoto-3r.com/,EC不明
4140001069728,西日本ハウス株式会社,兵庫県,西宮市,戸崎町４番２０号,6638121,https://e-yufuin.co.jp/,EC不明
4140001069793,日本クーラー株式会社,兵庫県,西宮市,津門大箇町３番２１号,6638243,http://nihon-cooler.ecnet.jp/,EC不明
4140001069802,日本キトサン株式会社,兵庫県,西宮市,下大市西町１３番２３号,6638005,https://www.koyochemical.jp/product/chitosan,EC不明
4140001069810,日本浄水株式会社,兵庫県,西宮市,霞町５番１６号,6620052,https://n-josui.co.jp/,EC不明
4140001069827,日本容器商事株式会社,兵庫県,西宮市,鳴尾浜２丁目１４番地,6638142,https://nihonyoki.co.jp/company/,EC不明
4140001070454,株式会社マリン・ネットワーク,兵庫県,西宮市,西宮浜２丁目３番３号,6620934,https://www.marine-network.jp/,EC不明
4140001070586,株式会社森本保険事務所,兵庫県,西宮市,里中町２丁目１番２８号,6638183,https://akahanehoken.com/,EC不明
4140001070603,株式会社安田文具店,兵庫県,西宮市,馬場町４番２０号,6620915,https://yasudabungu.co.jp/,EC不明
4140001070636,株式会社ヤマネ工芸,兵庫県,西宮市,津門川町２番９号,6638233,https://yamane-modeling.jp/,EC不明
4140001070909,伊藤ハムミート販売西株式会社,兵庫県,西宮市,高畑町４番２７号,6638202,https://www.itoham-mhwest.com/,EC不明
4140001070966,岡本金属工業株式会社,兵庫県,西宮市,本町１番３号,6620914,https://www.okamoto-kinzoku.com/,EC不明
4140001071213,株式会社橋本アセットマネジメント,兵庫県,西宮市,甲風園１丁目１０番１号サテライトビル２,6620832,https://www.hcax.com/,EC不明
4140001071618,西日本産業株式会社,兵庫県,西宮市,甲子園口２丁目２１番２１号,6638113,https://www.aladdin-boy.co.jp/,EC不明
4140001071849,株式会社西日本マネージメント・データ・リサーチ,兵庫県,西宮市,和上町５番９号西宮ビル,6620971,https://data-link-plus.com/jp/corporation/4140001071849,EC不明
4140001071972,関西ネット不動産株式会社,兵庫県,西宮市,天道町２５番７号,6638104,https://www.fudousan-takase.jp/,EC不明
4140001072310,株式会社西日本物流システムサービス,兵庫県,西宮市,山口町阪神流通センター２丁目１２番地,6511431,https://nishibutsu.jp/,EC不明
4140001072335,株式会社西日本中央建宅,兵庫県,西宮市,城ケ堀町３番２０−４０１号,6620856,https://www.oshimaland.co.jp/,EC不明
4140001072888,株式会社日本通信機器販売,兵庫県,西宮市,鳴尾町１丁目３番１６号,6638184,https://nitsuki.co.jp/,EC不明
4140001073119,株式会社サンエーフード,兵庫県,西宮市,高木東町１１番３８号,6638033,http://www.sane-food.co.jp/,EC不明
4140001073234,西日本不動産株式会社,兵庫県,西宮市,今津野田町１番３１号,6638212,https://www.nishinihonfudousan.com/,EC不明
4140001073259,株式会社森本商会,兵庫県,西宮市,甲子園口２丁目７番１７号,6638113,https://www.morimoto-s.com/,EC不明
4140001073936,夙川住宅販売株式会社,兵庫県,西宮市,松生町１２番２１号,6620076,http://www.s-jh.co.jp/,EC不明
4140001086830,株式会社日本電気工業,兵庫県,西宮市,市庭町５番１号,6620975,https://jpn.nec.com/profile/corp.html,EC不明
4140001089156,関西菓子協同配送株式会社,兵庫県,西宮市,西平町１４番２２号,6620093,https://www.coop-takuhai.jp/,EC不明
4140001093942,株式会社プラネット,兵庫県,西宮市,今津曙町３番１０−２０１号,6638214,https://www.planet-van.co.jp/,EC不明
4140001100946,株式会社ガーネットスター,兵庫県,西宮市,熊野町１３−１９エクセル熊野ＩＩ３０２号,6638103,https://garnetstar.jp/index.html/,EC不明
4140001114995,株式会社岡本エステージメント,兵庫県,西宮市,殿山町２番５−４号,6620065,https://www.okamoto-inc.jp/,EC不明
4140001120093,朝日新聞西宮販売株式会社,兵庫県,西宮市,常磐町１番３７号,6620043,https://nishihan.myasa.jp/s/aboutus.html,EC不明
4140001120606,岡本防災株式会社,兵庫県,西宮市,染殿町５番２２号１階,6620913,https://www.okamotobosai.jp/company/,EC不明
4140001133104,クリード不動産販売株式会社,兵庫県,西宮市,染殿町１１番４号,6620913,https://www.creild-re.jp/,EC不明
5013201018417,日本皮膚科学研究所株式会社,兵庫県,西宮市,小松南町１丁目３番地３４号,6638124,https://www.dermatol.or.jp/,EC不明
5120001150422,阪神建設機械販売株式会社,兵庫県,西宮市,甲子園四番町１１番２１号,6638174,https://www.hitachicm.com/jp/ja/,EC不明
5120001166575,株式会社インターマーケット,兵庫県,西宮市,山口町下山口５丁目１５番５号,6511412,https://intermarket.co.jp/,EC不明
5140001023171,エルシーファッション株式会社,兵庫県,西宮市,段上町６丁目１５−１２アルカディア段上３０５,6638006,https://lois.co.jp/,EC不明
5140001028303,株式会社コスメティック・トミー,兵庫県,西宮市,鷲林寺南町２番２１号,6620002,https://jp.atomy.com/main,EC不明
5140001067937,生野ブラザー販売株式会社,兵庫県,西宮市,門戸岡田町９番３１号,6620826,https://www.brother.co.jp/corporate/bsl/index.aspx,EC不明
5140001068877,株式会社サザエ食品,兵庫県,西宮市,上大市４丁目１７番１８号,6638003,https://www.sazae.co.jp/,EC不明
5140001068885,株式会社三州瓦販売センター,兵庫県,西宮市,甲子園口４丁目２２番２２号,6638113,http://www.sansyuu.net/shop/,EC不明
5140001068976,株式会社ジア本部技術研究所,兵庫県,西宮市,池田町７番３４号,6620911,https://www.jias.co.jp/,EC不明
5140001069033,新日本ホームズ株式会社,兵庫県,西宮市,神垣町１０番２１−６０６号,6620865,https://snph.jp/,EC不明
5140001069090,株式会社夙北薬局,兵庫県,西宮市,結善町５番２８号,6620037,https://data-link-plus.com/jp/corporation/5140001069090,EC不明
5140001069405,株式会社田澤洋服店,兵庫県,西宮市,今在家町３番２７号,6620972,https://dachs.jp/,EC不明
5140001069586,株式会社トップフード,兵庫県,西宮市,上甲東園３丁目９番１号,6620813,https://topfood.jp/about/,EC不明
5140001069660,株式会社中本建設,兵庫県,西宮市,若草町２丁目４番７号,6638181,https://nakamotokensetsu.com/,EC不明
5140001069727,西日本テクニカル株式会社,兵庫県,西宮市,柏堂西町４番２７号,6620098,https://www.nitech.co.jp/,EC不明
5140001069768,チェリー西宮販売株式会社,兵庫県,西宮市,両度町１番２７号,6620841,https://www.cherry-nishinomiya.co.jp/,EC不明
5140001069792,日本工機株式会社,兵庫県,西宮市,安井町５番４５号,6620045,https://www.nippon-koki.co.jp/,EC不明
5140001069801,株式会社日本建築設計工務,兵庫県,西宮市,馬場町１番１３号ルネ八番館３０１号室,6620915,https://www.nikken.co.jp/ja/,EC不明
5140001069818,日本デリカ運輸株式会社,兵庫県,西宮市,山口町阪神流通センター３丁目５番地の２,6511431,https://www.nippon-delica.co.jp/,EC不明
5140001069826,株式会社日本マネジメントグループ,兵庫県,西宮市,津門西口町９番１２号,6638231,https://www.nomura.com/jp/,EC不明
5140001069958,花澤タイル株式会社,兵庫県,西宮市,南甲子園２丁目５番１１号,6638153,https://cnavi.g-search.or.jp/detail/5140001069958.html,EC不明
5140001070032,株式会社阪神酒販,兵庫県,西宮市,段上町７丁目１番３５号,6638006,https://hanshinshuhan.co.jp/,EC不明
5140001070404,松本金属株式会社,兵庫県,西宮市,西宮浜４丁目６番８号,6620934,https://www.matukin.net/,EC不明
5140001070412,松本薬品株式会社,兵庫県,西宮市,下大市西町８番１６号,6638005,https://matsuyaku.co.jp/company,EC不明
5140001070486,水本産業株式会社,兵庫県,西宮市,浜甲子園２丁目７番２３号,6638154,https://www.mizumoto-mm.co.jp/,EC不明
5140001070585,株式会社森本造園,兵庫県,西宮市,柏堂町９番８号,6620097,https://m-zouen.jp/,EC不明
5140001070965,ライト工芸株式会社,兵庫県,西宮市,門前町６番１３号,6638013,https://raito.biz/%E4%BC%9A%E7%A4%BE%E6%A1%88%E5%86%85,EC不明
5140001071030,産業サービス販売株式会社,兵庫県,西宮市,西宮浜１丁目２４番地,6620934,https://sangyou-s.jp/,EC不明
5140001071740,株式会社テクノネット,兵庫県,西宮市,岡田山４番１６４号,6620827,https://technonet.co.jp/,EC不明
5140001072771,株式会社丸進工芸社,兵庫県,西宮市,天道町２３番３号,6638104,https://www.zehitomo.com/profile/%E6%A0%AA%E5%BC%8F%E4%BC%9A%E7%A4%BE%E4%B8%B8%E9%80%B2%E5%B7%A5%E8%8A%B8%E7%A4%BE-5QdxUwguR/pro,EC不明
5140001073126,甲子園健康食品株式会社,兵庫県,西宮市,甲子園九番町９番５号富士ハウス１０２号,6638179,https://seizaemon-onlineshop.com/,EC不明
5140001073241,丸貴管鋼販売株式会社,兵庫県,西宮市,羽衣町４番１４号,6620051,https://www.nikkei.com/compass/company/pETYFBf4UJKBUUeLyMoMgp,EC不明
5140001073638,株式会社榎本商会,兵庫県,西宮市,西宮浜３丁目１２番地３,6620934,https://enomoto-shokai.co.jp/,EC不明
5140001074628,株式会社マークスインテリア,兵庫県,西宮市,今津山中町８−１０−１０３,6638211,https://www.marcs.co.jp/brand,EC不明
5140001074743,日本カーライフサービス株式会社,兵庫県,西宮市,中島町３番２６号,6638105,https://www.ncsol.co.jp/,EC不明
5140001101613,株式会社梶本商店,兵庫県,西宮市,鳴尾町３丁目４番１０号,6638184,https://www.kajimotoshoten.com/,EC不明
5140001103411,パーク不動産販売株式会社,兵庫県,西宮市,和上町５番２９−４０２号,6620971,https://www.tateuripark.com/,EC不明
5140001104153,エル・パセオ住宅販売株式会社,兵庫県,西宮市,戸田町２番２１号,6620916,https://www.elpaseo.co.jp/,EC不明
5140001106868,神戸リノベ住宅販売株式会社,兵庫県,西宮市,松原町９番１号,6620912,https://kobe-renove.com/,EC不明
5140001120423,株式会社未来本舗,兵庫県,西宮市,津門大箇町６番３８号,6638243,https://www.wasaku.co.jp/,EC不明
5140001125050,株式会社松本工務店,兵庫県,西宮市,甲子園三番町４番１号,6638173,https://matsumoto-k.co.jp/,EC不明
5140001127716,塚本アセット株式会社,兵庫県,西宮市,松原町２番１１−５０４号,6620912,http://www.asset1.co.jp/,EC不明
5140001131882,加藤菓子ホールディングス株式会社,兵庫県,西宮市,松原町９番２０号,6620912,https://www.katosangyo.co.jp/katokashi-holdings/,EC不明
5140001136634,ウエストアップ株式会社,兵庫県,西宮市,高須町１丁目１番１１−２２１号,6638141,https://www.west-up.co.jp/,EC不明
6120901050902,日本ドアサポート株式会社,兵庫県,西宮市,今津上野町５番１７−１０２号,6638213,https://japandoorsupport.com/,EC不明
6140001003123,株式会社オーディネット,兵庫県,西宮市,西宮浜４丁目１２番５−１１１０号,6620934,https://jp.audionetwork.com/,EC不明
6140001067787,株式会社赤本電気商会,兵庫県,西宮市,津門宝津町１１番２１号,6638232,https://data-link-plus.com/jp/corporation/6140001067787,EC不明
6140001068249,株式会社岡本寫眞館,兵庫県,西宮市,松風町６番３０−５０７号,6620073,http://www.okamotoshashinkan.com/shohin.html,EC不明
6140001068273,株式会社オリエンタルベーカリー阪神販売,兵庫県,西宮市,西宮浜１丁目２９番地２,6620934,https://www.orientalbakery.co.jp/,EC不明
6140001068843,三晃総合食品株式会社,兵庫県,西宮市,結善町６番５号,6620037,http://www.sanko-sougou.jp/,EC不明
6140001069107,株式会社ジャパン・フード・サービス,兵庫県,西宮市,平松町２番３２号,6620044,https://www.japanfoodservice.co.jp/,EC不明
6140001069387,竹本木材株式会社,兵庫県,西宮市,池田町２番２６号,6620911,https://data-link-plus.com/jp/corporation/8260001019923,EC不明
6140001069420,辰馬本家酒造株式会社,兵庫県,西宮市,建石町２番１０号,6620943,https://www.hakushika.co.jp/,EC不明
6140001069478,株式会社津田快生堂薬局,兵庫県,西宮市,西福町７番１号,6620844,https://www.shiseido.co.jp/sw/navi/shopdetail.html?shopCd=515B06,EC不明
6140001069726,株式会社西日本測量設計コンサルタント,兵庫県,西宮市,池開町１番３５号,6638137,https://wj-sdc.com/,EC不明
6140001069809,日本サンパワー株式会社,兵庫県,西宮市,甲子園口２丁目２５番４２号,6638113,https://sunpower.co.jp/,EC不明
6140001069841,西宮栄養食品工業株式会社,兵庫県,西宮市,田中町２番７号,6620973,https://www.tsuno.co.jp/,EC不明
6140001069940,株式会社橋本商事,兵庫県,西宮市,山口町下山口４丁目１５番１号,6511412,http://www.hashico.com/,EC不明
6140001070031,阪神酒類卸株式会社,兵庫県,西宮市,津門川町１２番６カーサイノウエビル４０１号,6638233,http://hanshinshuhan.co.jp/company/,EC不明
6140001070106,兵田印刷工芸株式会社,兵庫県,西宮市,笠屋町３番１６号,6638136,https://www.hyoda.com/,EC不明
6140001070196,冨士石油販売株式会社,兵庫県,西宮市,城山１番４０号,6620023,https://fosc.co.jp/,EC不明
6140001070403,松本株式会社,兵庫県,西宮市,上甲子園４丁目８番２７号,6638114,https://www.matsumoto-inc.co.jp/,EC不明
6140001070411,松本窯業株式会社,兵庫県,西宮市,瓦林町２７番５号,6638107,https://www.kensetumap.com/company/384896/profile.php,EC不明
6140001070568,本藤商事株式会社,兵庫県,西宮市,浜甲子園２丁目１３番２２号,6638154,https://www.kensetumap.com/company/384118/profile.php,EC不明
6140001070584,森本工藝株式会社,兵庫県,西宮市,津門川町５番８号,6638233,https://www.kansai-special.com/,EC不明
6140001070642,山平食品株式会社,兵庫県,西宮市,山口町名来７２８番地,6511411,https://korps.jp/corporations/4174687,EC不明
6140001070650,株式会社山本モータース,兵庫県,西宮市,本町５番１７号,6620914,http://www.yamamoto-motors.jp/,EC不明
6140001070808,株式会社緑花園,兵庫県,西宮市,山口町下山口３丁目１４番４６号,6511412,https://ryokukaen.co.jp/,EC不明
6140001070816,鈴花株式会社,兵庫県,西宮市,甲子園口１丁目１６番１４号,6638113,https://www.suzuhana.co.jp/,EC不明
6140001070832,株式会社六甲工芸社,兵庫県,西宮市,北六甲台２丁目２４番３号,6511413,https://www.rokko-kogeisya.co.jp/,EC不明
6140001070972,オルビスネットワーク株式会社,兵庫県,西宮市,北六甲台１丁目３０番８号,6511413,https://corp.orbis.co.jp/,EC不明
6140001071046,株式会社寺田薬局,兵庫県,西宮市,南越木岩町７番５号,6620075,http://terada-pharmacy.co.jp/,EC不明
6140001071260,株式会社日本ベスト,兵庫県,西宮市,常磐町５番８号,6620043,https://jbm-best.jp/,EC不明
6140001071582,日本グリーンファーム株式会社,兵庫県,西宮市,馬場町一丁目１３番ルネ八番館１００１号,6620915,http://www.j-greenfarm.co.jp/company/outline/index.html,EC不明
6140001071681,株式会社川岸食品,兵庫県,西宮市,甲風園１丁目３番１１号,6620832,https://www.matsuai.com/,EC不明
6140001071748,株式会社ＡＧＴジャパンソフトウェア＆サービシス,兵庫県,西宮市,小松東町３丁目２番７号,6638123,https://www.agtjapan.com/,EC不明
6140001071756,株式会社日本セールス＆マーケティング社,兵庫県,西宮市,林田町１０−７−４０２,6638014,https://sales-marker.jp/,EC不明
6140001072036,株式会社サンネット,兵庫県,西宮市,里中町１丁目６番１４号,6638183,https://www.csunnet.co.jp/,EC不明
6140001072770,日本化成株式会社,兵庫県,西宮市,今津山中町１０番２２号,6638211,http://www.nihonkasei.co.jp/,EC不明
6140001072795,株式会社丹波の里本舗,兵庫県,西宮市,名塩ガーデン１５番１号,6691143,https://tanbanosato.com/,EC不明
6140001073166,アージュ不動産販売株式会社,兵庫県,西宮市,門戸岡田町５番３２号,6620826,https://yondoshi.co.jp/business/age-corporation,EC不明
6140001073595,株式会社橋本家具,兵庫県,西宮市,上甲子園４丁目９番６６−３１４号,6638114,https://www.hashimotokagu.com/,EC不明
6140001073629,株式会社サービスネット甲子園,兵庫県,西宮市,津門住江町１２−１７,6638234,https://servicenet-nishinomiya.jp/about/,EC不明
6140001074081,株式会社フードワンサービス,兵庫県,西宮市,北六甲台４丁目９番６号,6511413,https://foodone.co.jp/,EC不明
6140001074651,株式会社マルセイフードサービス,兵庫県,西宮市,二見町３番２０号,6638111,http://maruseifoods.co.jp/index.html,EC不明
6140001086358,株式会社ネットアール,兵庫県,西宮市,津門西口町１０番５−２０２号,6638231,https://www.netreal.jp/,EC不明
6140001092389,株式会社萌花,兵庫県,西宮市,甲子園六番町１４番２５号,6638176,https://a-light.jp/talent/daidamoka,EC不明
6140001093825,株式会社日本秋桜企画,兵庫県,西宮市,荒木町９番３０号,6638025,https://www.alicejapan.co.jp/,EC不明
6140001119225,本田住設株式会社,兵庫県,西宮市,津門大箇町８番３９−３０６号,6638243,https://honda-juusetsu.com/,EC不明
6140001129629,日本管財ホールディングス株式会社,兵庫県,西宮市,六湛寺町９番１６号,6620918,https://www.nkanzaihd.co.jp/,EC不明
6140001130181,榎本工業株式会社,兵庫県,西宮市,今津大東町４番４号,6638221,https://www.enomoto-net.co.jp/,EC不明
6140001133589,エモーショナルソフトウェア株式会社,兵庫県,西宮市,東鳴尾町２丁目３番１２号,6638132,https://www.aumovio.com/en.html,EC不明
7120001093181,株式会社日本経営システム,兵庫県,西宮市,甲子園六番町７番５−１号,6638176,https://www.jmsinc.co.jp/,EC不明
7120001170699,花田通商株式会社,兵庫県,西宮市,生瀬東町２６−４アクティ８−２Ｆ,6691103,https://hanada-tsusho.com/,EC不明
7140001025174,株式会社エクストリームスポーツジャパン,兵庫県,西宮市,戸崎町４番２０号,6638121,https://www.e-xtreme.co.jp/,EC不明
7140001067984,井上酒販株式会社,兵庫県,西宮市,津門川町１２番１５号,6638233,http://sawahime.co.jp/,EC不明
7140001068223,株式会社大本商店,兵庫県,西宮市,今津野田町４番２０号,6638212,https://www.oomoto-shouten.com/,EC不明
7140001068248,株式会社岡本装美,兵庫県,西宮市,今津曙町３番４号,6638214,https://data-link-plus.com/jp/corporation/7140001068248,EC不明
7140001068347,金井自動販売株式会社,兵庫県,西宮市,高木東町２５番２３号,6638033,https://www.kanai-jh.co.jp/,EC不明
7140001068462,木谷酒造株式会社,兵庫県,西宮市,石在町１４番５号,6620928,https://www.sakenomy.jp/brewery/K01N028059/,EC不明
7140001068470,北六甲台スポーツガーデン株式会社,兵庫県,西宮市,山口町下山口４丁目１５番１号,6511412,https://www.rokkosan.com/greenia/,EC不明
7140001068611,ケンポ製薬株式会社,兵庫県,西宮市,津門西口町７番６号,6638231,https://pocarisweat.jp/,EC不明
7140001069031,新日本金属株式会社,兵庫県,西宮市,西平町１５番８号,6620093,http://snkz.co.jp/,EC不明
7140001069485,土屋食品株式会社,兵庫県,西宮市,今津水波町１０番２９号,6638215,https://tsuchiyashouten.com/,EC不明
7140001069510,天成工芸株式会社,兵庫県,西宮市,津門飯田町４番１９号,6638242,https://tenseinet.com/index.html,EC不明
7140001069816,日本電子システム株式会社,兵庫県,西宮市,芦原町４番２０号,6620842,https://www.jeol.co.jp/,EC不明
7140001069915,ハイツ山本株式会社,兵庫県,西宮市,甲風園１丁目９番４号,6620832,https://cnavi.g-search.or.jp/detail/7140001069915.html,EC不明
7140001069948,株式会社服部商店,兵庫県,西宮市,浜脇町６番２０号,6620941,https://hattori-shoten.co.jp/,EC不明
7140001069956,株式会社花組,兵庫県,西宮市,甲陽園本庄町６番５０−５８０号,6620015,https://www.hanagumi.co.jp/companyprofile,EC不明
7140001070039,株式会社阪神服装,兵庫県,西宮市,笠屋町２３番３９号,6638136,https://www.tsr-net.co.jp/news/tsr/detail/1201933_1521.html,EC不明
7140001070229,船守食品株式会社,兵庫県,西宮市,松山町１４番４号,6638101,https://cnavi.g-search.or.jp/detail/7140001070229.html,EC不明
7140001070410,株式会社松本表具店,兵庫県,西宮市,高木西町１１番４号,6638032,https://www.matsumotohyouguten.info/,EC不明
7140001070996,株式会社エフバイネット,兵庫県,西宮市,池開町３番１０−１号,6638137,https://www.fnj.co.jp/,EC不明
7140001071128,株式会社ヘルシィネット,兵庫県,西宮市,桜町１番４３−２０２号,6620071,https://www.healthynetwork.co.jp/,EC不明
7140001071838,株式会社日本電気システム,兵庫県,西宮市,弓場町７番３５号,6620964,https://www.nes-trust.co.jp/,EC不明
7140001071920,株式会社岡本建築設計室,兵庫県,西宮市,生瀬高台１５番７号,6691111,http://okamoto-adf.co.jp/,EC不明
7140001071945,株式会社日本アクシス,兵庫県,西宮市,南越木岩町５番２０号,6620075,https://www.n-axis.co.jp/,EC不明
7140001073017,ビショップ・キャピタル株式会社,兵庫県,西宮市,山口町上山口１丁目４番５号,6511421,https://bshop-inc.com/,EC不明
7140001073231,株式会社ヒロコスメティック,兵庫県,西宮市,石刎町５番１４号ヴィレッタ苦楽園１Ｆ,6620074,http://hirocosmetic.com/index.html,EC不明
7140001073537,株式会社杉本商店,兵庫県,西宮市,鳴尾町２丁目１８番８号,6638184,https://www.sugimoto.co/,EC不明
7140001073652,株式会社宝花,兵庫県,西宮市,名塩南台３丁目９番地の１,6691132,https://www.takara.co.jp/,EC不明
7140001074048,株式会社ハッピースクウェア,兵庫県,西宮市,山口町上山口３丁目７番８号,6511421,https://happy-square.jp/company/,EC不明
7140001074329,株式会社ツバキ薬粧,兵庫県,西宮市,高松町７番２６号２階,6638204,https://www.tsubaki-ys.co.jp/,EC不明
7140001074394,株式会社西日本厚栄社,兵庫県,西宮市,上甲子園５丁目１０番２３号,6638114,https://ichiran.com/,EC不明
7140001074428,株式会社フードシステムロジスティクス,兵庫県,西宮市,甲陽園目神山町１５番４８号,6620011,https://foodsystem.co.jp/company/,EC不明
7140001074782,トリニティ・フード株式会社,兵庫県,西宮市,桜谷町４番３５号,6620032,http://trinity2009.com/,EC不明
7140001086844,西宮不動産販売株式会社,兵庫県,西宮市,神園町１５番２２−１０１号,6620027,https://www.nishinomiya-f.co.jp/fudousan/,EC不明
7140001087198,アイシースクウェアパートナーズ株式会社,兵庫県,西宮市,甲陽園西山町８番２４号,6620017,https://www.icp5.co.jp/,EC不明
7140001091010,人・健康・未来研究所株式会社,兵庫県,西宮市,剣谷町１０番１３号,6620099,https://www.jnhf.or.jp/,EC不明
7140001094087,株式会社オフィス松本,兵庫県,西宮市,今津巽町７番３−７０３号,6638223,https://office-matsumoto.co.jp/company,EC不明
7140001095977,株式会社グリネット,兵庫県,西宮市,山口町香花園１０−４４,6511424,https://www.g-gnet.com/company/,EC不明
7140001096463,株式会社プラン・ネット,兵庫県,西宮市,熊野町３番４−２０８号,6638103,http://plan-n.co.jp/,EC不明
7140001098542,株式会社藤本施工,兵庫県,西宮市,久保町１３番１２号,6620927,https://fujimoto-inc.jp/,EC不明
7140001115132,福本技研株式会社,兵庫県,西宮市,久保町７番３号,6620927,https://fujitaip.wixsite.com/mysite,EC不明
7140001123580,エスター不動産販売株式会社,兵庫県,西宮市,上大市２丁目１９番４号,6638003,https://www.ester-sale.com/,EC不明
7140001127763,楽娃服飾株式会社,兵庫県,西宮市,今津大東町三丁目１３号ゴーディ甲子園２番館１０３号,6638221,https://data-link-plus.com/jp/corporation/7140001127763,EC不明
7430001058665,アクシズネットワークス株式会社,兵庫県,西宮市,甲子園五番町２−１２−Ａ３,6638175,https://axisnetworks.biz/,EC不明
8120001019334,日本硬化油工業株式会社,兵庫県,西宮市,西平町５番１９号,6620093,https://www.kensetumap.com/company/386642/profile.php,EC不明
8120001068463,西日本土地株式会社,兵庫県,西宮市,豊楽町３番２６号,6620072,https://www.nn-h.com/,EC不明
8120901027485,ティースネットワーク株式会社,兵庫県,西宮市,両度町２−２３−４０７,6620841,http://www.tsnetwork.jp/,EC不明
8140001030157,西日本ベンダー開発株式会社,兵庫県,西宮市,甲子園口北町１７−８シャンピア北町１０２,6638112,https://www.wjec.co.jp/,EC不明
8140001032715,株式会社スポーツコンディショニングラボ,兵庫県,西宮市,甲子園口３丁目２０番１−１０１号,6638113,http://www.sclabo2010.com/,EC不明
8140001067991,猪名川工芸株式会社,兵庫県,西宮市,甲東園２丁目５番２５号,6620812,https://companyinformation.jp/corp/8140001067991/,EC不明
8140001068008,今津酒造株式会社,兵庫県,西宮市,今津社前町５番２２号,6638229,https://www.nadagogo.ne.jp/brewery/,EC不明
8140001068643,株式会社甲子園花力,兵庫県,西宮市,甲子園口６丁目１８番１５号,6638113,https://www.cleri-nishinomiya.com/blank-1,EC不明
8140001068858,阪本竹材造園株式会社,兵庫県,西宮市,北昭和町１４番３号,6620833,https://www.sakamoto-chikuzaizoen.com/,EC不明
8140001069385,株式会社滝本工務店,兵庫県,西宮市,上大市４丁目２２番３−３０４号,6638003,https://takimoto-ie.jp/,EC不明
8140001069609,虎重山本食品興業株式会社,兵庫県,西宮市,戸田町５番１６号,6620916,https://data-link-plus.com/jp/corporation/8140001069609,EC不明
8140001069831,日本リプロ工業株式会社,兵庫県,西宮市,浜町９番１７号,6620942,https://ripuro0561.com/,EC不明
8140001070211,株式会社藤本工務店,兵庫県,西宮市,市庭町３番７号,6620975,https://fujimotokoumuten.jp/new-building/,EC不明
8140001070335,本多電気株式会社,兵庫県,西宮市,甲子園網引町８番１９号,6638156,http://www.honda-e.net/,EC不明
8140001070343,本野田酒造株式会社,兵庫県,西宮市,久保町４番９号,6620927,https://www.sakenomy.jp/brewery/K01N028060/,EC不明
8140001070450,吉野丸タ林業販売株式会社,兵庫県,西宮市,上甲子園５丁目５番１７号,6638114,https://www.yoshinomaruta.jp/,EC不明
8140001070649,山本電工株式会社,兵庫県,西宮市,石在町１１番１０号,6620928,https://www.ydk.jp/,EC不明
8140001070707,兵庫住宅販売株式会社,兵庫県,西宮市,与古道町２番３４号,6620917,http://hyogo-jh.co.jp/company.html,EC不明
8140001070772,和田米穀酒類販売株式会社,兵庫県,西宮市,甲子園浦風町１０番２４号,6638165,https://aratama-wada.com/,EC不明
8140001070954,株式会社日本クラフトセンター,兵庫県,西宮市,結善町２番５イトーピア夙川４０２号,6620037,http://hasegawa-model.co.jp/,EC不明
8140001071110,アートオブフード株式会社,兵庫県,西宮市,羽衣町３番３８号,6620051,https://artfood1914.com/,EC不明
8140001071754,株式会社川崎薬局,兵庫県,西宮市,高木西町１番８号,6638032,https://www.yakuju.co.jp/,EC不明
8140001071770,日本アテナ株式会社,兵庫県,西宮市,学文殿町２丁目３番２６号,6638182,https://www.nippon-antenna.co.jp/ja/index.html,EC不明
8140001071977,倉本運送株式会社,兵庫県,西宮市,西宮浜２丁目８番地,6620934,https://www.kuramoto-exp.co.jp/,EC不明
8140001072059,株式会社丹波本舗,兵庫県,西宮市,甲陽園東山町１０番１３号,6620012,https://tanbanosato.com/,EC不明
8140001072208,伊藤ハム販売株式会社,兵庫県,西宮市,高畑町４番２７号,6638202,https://www.itoham.co.jp/,EC不明
8140001072422,株式会社パン・ネットワーク,兵庫県,西宮市,久出ケ谷町６番３１号,6620077,http://pannetwork.co.jp/,EC不明
8140001072851,株式会社日本パークス,兵庫県,西宮市,甲子園砂田町２番２４号,6638162,https://n-park.co.jp/,EC不明
8140001073197,日本スウェージロックＦＳＴ株式会社,兵庫県,西宮市,鳴尾浜１丁目１番地１,6638142,https://products.swagelok.com/ja,EC不明
8140001073305,林フードサービス株式会社,兵庫県,西宮市,甲子園口２丁目６番８号,6638113,https://www.horiifood.co.jp/,EC不明
8140001114455,株式会社古本工務店,兵庫県,西宮市,浜松原町２番１７−１００７号,6620923,https://www.kensetumap.com/company/344183/,EC不明
8140001132036,株式会社メガネット,兵庫県,西宮市,小松南町１丁目３番３３号,6638124,https://sp.mega.co.jp/,EC不明
8140002059690,株式会社徳山フード,兵庫県,西宮市,北六甲台５丁目２０番５号,6511413,https://www.tokuyama.co.jp/company/,EC不明
9140001068056,株式会社梅本自動車商会,兵庫県,西宮市,室川町１５番２６号,6620863,https://www.umemotoshoukai.co.jp/,EC不明
9140001068469,北山酒造株式会社,兵庫県,西宮市,宮前町８番３号,6620947,http://bijinclub-shimabijin.co.jp/company.html,EC不明
9140001068857,阪本産業株式会社,兵庫県,西宮市,高畑町２番２−９０７号,6638202,https://www.sakamotokk.com/,EC不明
9140001069161,株式会社ストアマネジメント,兵庫県,西宮市,甲子園口６丁目１４番１６−４０１号,6638113,http://giasm.net/,EC不明
9140001069938,株式会社橋本不動産,兵庫県,西宮市,若松町５番７号,6620035,https://hashimoto-net.co.jp/,EC不明
9140001070251,株式会社プロスパー・ネットワーク,兵庫県,西宮市,剣谷町１８番１５号,6620099,https://www.prosper-net.jp/,EC不明
9140001070474,三基食品株式会社,兵庫県,西宮市,鳴尾浜３丁目１２番４号,6638142,https://www.mikiprune.co.jp/,EC不明
9140001070697,株式会社横森工芸,兵庫県,西宮市,上甲子園４丁目１３番２７−７０３号,6638114,https://www.yokomori.co.jp/,EC不明
9140001072289,日本ナーシングサービス株式会社,兵庫県,西宮市,西宮浜４丁目１５番１号,6620934,https://nihon-nursing.jp/,EC不明
9140001072710,株式会社アルファネットワーク,兵庫県,西宮市,与古道町３番１４南ビル４０１号,6620917,http://alpha-ntw.com/,EC不明
9140001072792,株式会社ジュエリーアート・フジ,兵庫県,西宮市,鳴尾町４丁目１３番２２号,6638184,https://www.buffett-code.com/company/b3lflc0gom,EC不明
9140001074673,株式会社ハッピーホーム不動産販売,兵庫県,西宮市,熊野町１番３１号１０１号,6638103,https://www.happydream.co.jp/,EC不明
9140001089119,日本商事石油株式会社,兵庫県,西宮市,甲陽園本庄町６番４１−１０６号,6620015,https://ns-nihonshoji.co.jp/,EC不明
9140001100883,株式会社朝日新聞鳴尾販売,兵庫県,西宮市,鳴尾町３丁目６番１７号,6638184,https://www.kotonear.com/asakoshien/company.html,EC不明
9140001103696,バイサプリ株式会社,兵庫県,西宮市,甲子園六番町１７番１０−６０２号,6638176,https://bysupple.jp/company/,EC不明
9140001120312,株式会社村上フードサービス,兵庫県,西宮市,松原町９番２号,6620912,https://www.miraifoodservices.co.jp/,EC不明
9140001130377,株式会社まさやフードシステム,兵庫県,西宮市,松原町９番２号,6620912,http://www.yakitori-masaya.co.jp/,EC不明
9140001132092,株式会社岸本設備,兵庫県,西宮市,山口町上山口４丁目９番８号,6511421,https://lily-ks.com/company,EC不明
1140001069796,日本機装株式会社,兵庫県,西宮市,甲風園１丁目１５番１８号,6620832,https://www.nikkiso.co.jp/,アクセス不可
1140001069805,株式会社日本総管,兵庫県,西宮市,甲風園１丁目５番１６号,6620832,https://www.so-kan.co.jp/,アクセス不可
1140001073071,株式会社西受香花店,兵庫県,西宮市,山口町中野１丁目３番３１号,6511433,https://www.houjin.info/detail/1140001073071/,アクセス不可
1140001115146,株式会社岡本工務店,兵庫県,西宮市,山口町船坂３５３番地,6511423,https://www.okamotokoumuten.net/company,アクセス不可
2140001068244,株式会社岡本工務店,兵庫県,西宮市,山口町名来２丁目１２番９号,6511411,https://www.okamotokoumuten.net/company,アクセス不可
2140001097862,株式会社瀧川薬局,兵庫県,西宮市,鳴尾町３丁目７番４号,6638184,https://kusuri-takigawa.com/,アクセス不可
3140001068994,株式会社シンコー美容室,兵庫県,西宮市,鳴尾町３丁目２番１号堀ビル２階,6638184,https://beauty.hotpepper.jp/slnH000190746/,アクセス不可
3140001069695,鳴尾ガス器具販売株式会社,兵庫県,西宮市,鳴尾町３丁目３番８号,6638184,https://kaisharesearch.com/company/detail/3140001069695/,アクセス不可
3140001069794,日本環境株式会社,兵庫県,西宮市,霞町５番１６号,6620052,https://www.nihon-kannkyo.co.jp/,アクセス不可
4140001070644,株式会社山本,兵庫県,西宮市,馬場町３番１６号,6620915,https://www.yamamoto-noriten.co.jp/,アクセス不可
4140001072681,ブーツ・ネット株式会社,兵庫県,西宮市,下大市東町２８番２４号,6638004,https://www.abc-mart.net/shop/,アクセス不可
5120001131604,株式会社ＴＤネットワークカンパニー,兵庫県,西宮市,門戸荘１７番１２−３１７号,6620825,https://www.houjin.info/detail/5120001131604/,アクセス不可
5140001074719,新日本不動産株式会社,兵庫県,西宮市,津門宝津町１１番１９号１階,6638232,http://www.shinnihongroup.co.jp/business/fudousan/shinnihon-fudousan,アクセス不可
5140001077647,株式会社セセラ不動産販売,兵庫県,西宮市,平木町８番２２号,6620835,https://cecela-est.com/,アクセス不可
5140001097604,株式会社山本ビル運営,兵庫県,西宮市,津門綾羽町８番２８号,6638244,http://www.yamamotobuild.co.jp/,アクセス不可
5140001126189,Ｄ‐ＰＯＷＥＲ木之本株式会社,兵庫県,西宮市,若松町４番１７号,6620035,https://jglobal.jst.go.jp/detail?JGLOBAL_ID=202205009544277521,アクセス不可
5140001132996,西宮薬師エステート株式会社,兵庫県,西宮市,高木東町１８番１０号,6638033,https://www.houjin.info/detail/5140001132996/,アクセス不可
6140001069817,日本ドレイクタウン株式会社,兵庫県,西宮市,仁川百合野町１０番４９号,6620815,https://www.dogtownskateboards.co.jp/ja,アクセス不可
6140001069957,株式会社パナショップ学園前店,兵庫県,西宮市,甲陽園目神山町３１番５９号,6620011,https://www.houjin.info/detail/6140001069957/,アクセス不可
6140001093692,株式会社リーフォーム坂本和建,兵庫県,西宮市,今津山中町９番７号,6638211,https://www.houjin.info/detail/6140001093692/,アクセス不可
6140001113772,株式会社アピアランスサロン,兵庫県,西宮市,六湛寺町１３番９号兵庫県立西宮病院,6620918,https://appearance-salon.com/,アクセス不可
7140001098006,株式会社山本ビル企画,兵庫県,西宮市,津門綾羽町８番２８号,6638244,https://www.yamamotobuild.co.jp/company/overview/,アクセス不可
7140001111635,株式会社中央薬局,兵庫県,西宮市,甲子園八番町６番５号,6638178,https://chuo-yakkyoku.com/,アクセス不可
8120001170442,株式会社ニシヤマフードサービス,兵庫県,西宮市,津門川町５番地１３,6638233,https://kaisharesearch.com/company/detail/8120001170442/,アクセス不可
1140001070523,武庫食品株式会社,兵庫県,西宮市,今津社前町２番１６号,6638229,,URL不明
1140001070564,メナード神戸東統轄販売株式会社,兵庫県,西宮市,鳴尾町３丁目６番２号,6638184,,URL不明
1140001072172,本田産業株式会社,兵庫県,西宮市,相生町８番７号,6620063,,URL不明
1140001072288,アカネットワーク株式会社,兵庫県,西宮市,甲子園九番町１１番２３−１１２２号,6638179,,URL不明
1140001073055,株式会社よし兆本店,兵庫県,西宮市,松原町５番２４号,6620912,,URL不明
1140001073369,株式会社プラネット,兵庫県,西宮市,泉町１番２−９０３号,6620932,,URL不明
1140001074540,不動産ドットコム販売株式会社,兵庫県,西宮市,石刎町５番２号,6620074,,URL不明
1140001108604,日本商事株式会社,兵庫県,西宮市,浜甲子園３丁目７番３号,6638154,,URL不明
1140001115633,神戸製薬株式会社,兵庫県,西宮市,天道町６番４号,6638104,,URL不明
1140001124915,株式会社ケンデザイン住宅販売,兵庫県,西宮市,中須佐町９番１２号,6620851,,URL不明
1140001129872,日本総合鑑定株式会社,兵庫県,西宮市,仁川百合野町７番３８号,6620815,,URL不明
1140001136530,西宮酒類販売株式会社,兵庫県,西宮市,津門西口町７番２０号,6638231,,URL不明
1140002055614,株式会社池田マコト酒店,兵庫県,西宮市,芦原町４番１号,6620842,,URL不明
1190001006968,フルノ関西販売株式会社,兵庫県,西宮市,芦原町９番５２号,6620842,,URL不明
1470001006337,株式会社ウエストフードプロダクション,兵庫県,西宮市,津門川町５番地１３,6638233,,URL不明
2120001145433,株式会社アコレヤネット,兵庫県,西宮市,本町５番２８号,6620914,,URL不明
2120901018399,株式会社ネットアディクト,兵庫県,西宮市,花の峯１０番１０号,6691121,,URL不明
2140001068335,株式会社カツウラ化粧品,兵庫県,西宮市,西宮浜１丁目６番,6620934,,URL不明
2140001069804,株式会社日本ジーアンドジー,兵庫県,西宮市,城ケ堀町３番１７号,6620856,,URL不明
2140001069829,株式会社日本リスクマネージメント,兵庫県,西宮市,上甲子園３丁目５番３０号,6638114,,URL不明
2140001069928,羽衣不動産販売株式会社,兵庫県,西宮市,羽衣町７番２１号,6620051,,URL不明
2140001069936,株式会社橋本組,兵庫県,西宮市,甲子園網引町８番１９号,6638156,,URL不明
2140001070274,平和電子兵庫販売株式会社,兵庫県,西宮市,一ケ谷町６番２号,6620873,,URL不明
2140001070431,マルカ食品株式会社,兵庫県,西宮市,甲子園七番町２２番２５号,6638177,,URL不明
2140001070720,株式会社ヨネダ美容室,兵庫県,西宮市,戸田町３番２８号,6620916,,URL不明
2140001071347,株式会社セントラルネットサービス,兵庫県,西宮市,里中町１丁目１番１号,6638183,,URL不明
2140001071710,西宮住宅販売株式会社,兵庫県,西宮市,北口町１９番６号コモド北口１Ｆ,6638035,,URL不明
8140001072876,株式会社珍味食品,兵庫県,西宮市,里中町３丁目１番２５号弥生ハイツ１０７号,6638183,,URL不明
8140001074682,株式会社エモーションプラネット,兵庫県,西宮市,一ケ谷町１番５４−２０４号,6620873,,URL不明
8140001095555,株式会社はな花薬局,兵庫県,西宮市,甲子園口２丁目２５番３７号,6638113,,URL不明
8140001106626,株式会社酒井建装,兵庫県,西宮市,今津曙町１１番１１−３１２号,6638214,,URL不明
8140001117904,坂本商会株式会社,兵庫県,西宮市,中殿町１番５号,6620852,,URL不明
8140001122235,株式会社橋本不動産管理,兵庫県,西宮市,高座町３番２８号,6620872,,URL不明
8140001126665,ウィンドローズ園芸株式会社,兵庫県,西宮市,すみれ台２丁目２番地７,6511432,,URL不明
8140001136986,岡本建築工務株式会社,兵庫県,西宮市,西宮浜４丁目８番３−３０４号,6620934,,URL不明
8140001138438,元花株式会社,兵庫県,西宮市,甲子園口北町２５番１５号,6638112,,URL不明
9013301002192,株式会社カーナカリス化粧品,兵庫県,西宮市,川東町７番１３号,6620945,,URL不明
9120001108838,株式会社カタログネットワーク,兵庫県,西宮市,鳴尾町３丁目２番５号,6638184,,URL不明
9120901029150,Ｓ＆Ｋメディカルセーフネット株式会社,兵庫県,西宮市,西宮浜４丁目１２番５−７１０号,6620934,,URL不明
9140001032623,サロンアンドアソシエイツ株式会社,兵庫県,西宮市,苦楽園四番町１８番２２号,6620088,,URL不明
9140001067792,浅井酒類株式会社,兵庫県,西宮市,鳴尾浜１丁目２０番２号,6638142,,URL不明
9140001067875,東鶴酒造株式会社,兵庫県,西宮市,浜町１０番１１号,6620942,,URL不明
9140001068246,株式会社岡本建設興業,兵庫県,西宮市,学文殿町２丁目７番２４−２０３号,6638182,,URL不明
9140001068758,國産酒造株式会社,兵庫県,西宮市,東町１丁目１２番３４号,6620922,,URL不明
9140001069384,株式会社竹本工務店,兵庫県,西宮市,鷲林寺２丁目８番７号,6620004,,URL不明
9140001069418,立花建物株式会社,兵庫県,西宮市,豊楽町８番３９号,6620072,,URL不明
9140001069533,株式会社東甲インテリア,兵庫県,西宮市,西田町６番１４号,6620034,,URL不明
9140001069797,日本管財株式会社,兵庫県,西宮市,六湛寺町９番１６号,6620918,,URL不明
9140001069822,日本ヘルスファーム株式会社,兵庫県,西宮市,瓦林町２番１２号,6638107,,URL不明
9140001069830,日本リプロ株式会社,兵庫県,西宮市,浜町９番１４号,6620942,,URL不明
9140001069847,西宮小型自動車販売株式会社,兵庫県,西宮市,津門川町１１番１６号,6638233,,URL不明
9140001069962,花房酒造株式会社,兵庫県,西宮市,久保町１３番９号,6620927,,URL不明
9140001070648,株式会社山本商会,兵庫県,西宮市,羽衣町７番２０号,6620051,,URL不明
9140001070879,株式会社山本ビル経営研究所,兵庫県,西宮市,津門綾羽町８番２８号,6638244,,URL不明
9140001070904,株式会社財産ネットワークス兵庫,兵庫県,西宮市,社家町１番４号ベルメゾン西宮,6620974,,URL不明
9140001072462,日本テック株式会社,兵庫県,西宮市,戸崎町４番２０号,6638121,,URL不明
9140001074070,株式会社日本医療総務,兵庫県,西宮市,長田町１番１５号２０４,6638034,,URL不明
9140001074459,エビスコーヒー株式会社,兵庫県,西宮市,甲陽園目神山町１４−１８,6620011,,URL不明
9140001088657,株式会社ディー・プラスイーマーケット,兵庫県,西宮市,南昭和町１番２２号,6620834,,URL不明
9140001097559,竹本工業株式会社,兵庫県,西宮市,分銅町１番８号,6620042,,URL不明
9140001099010,株式会社ウィンスリーネット,兵庫県,西宮市,浜町１３−２,6620942,,URL不明
9140001111600,株式会社たたら薬業,兵庫県,西宮市,神原８番２５号,6620021,,URL不明
9140001125468,株式会社ＹＴＭフードサービス,兵庫県,西宮市,川東町９番１９号メイプル夙川２０２号,6620945,,URL不明
